abstract,abstract_source,added_on,altmetric_id,altmetric_jid,authors,cited_by_accounts_count,cited_by_fbwalls_count,cited_by_feeds_count,cited_by_msm_count,cited_by_patents_count,cited_by_posts_count,cited_by_tweeters_count,cohorts,context,details_url,dimensions_publication_id,doi,epubdate,handles,history,images,is_oa,isbns,issns,journal,last_updated,pmc,pmid,pubdate,published_on,publisher_subjects,readers,readers_count,schema,scopus_subjects,score,subjects,title,type,url
"Stereo-electroencephalography (SEEG) is a procedure performed for patients with intractable epilepsy in order to anatomically define the epileptogenic zone (EZ) and the possible related functional cortical areas. By avoiding the need for large craniotomies and due to its intrinsic precision placement features, SEEG may be associated with fewer complications. Nevertheless, intracerebral electrodes have gained a reputation of excessive invasiveness, with a ""relatively high morbidity"" associated with their placement. A systematic literature review and meta-analysis of SEEG complications has not been previously performed. The goal of this study is to quantitatively review the incidence of various surgical complications associated with SEEG electrode implantation in the literature and to provide a summary estimate. This will allow physicians to accurately counsel their patients about the potential complications related to this method of extraoperative invasive monitoring.
The systematic review was conducted following Preferred Reporting Items for Systematic Reviews and Meta-Analyses (PRISMA). We conducted MEDLINE, Scopus, and Web of Science database searches with the search algorithm. We analyzed complication rates using a fixed-effects model with inverse variance weighting. Calculations for the meta-analysis and construction of forest plots were completed using an established spreadsheet. The principal summary measures were the effect summary value and 95% confidence intervals (CIs).
The initial 1,901 retrieved citations were reviewed. After removing 787 duplicates, the titles and abstracts of 1,114 publications were screened. At this stage, studies that did not mention the absence or presence of complications following SEEG or that did not fulfill the inclusion criteria in any manner were excluded. After excluding 1,057 citations, the full text was assessed in the resulting 57 articles for eligibility criteria. The most common complications were hemorrhagic (pooled prevalence 1.0%, 95% confidence interval [CI] 0.6-1.4%) or infectious (pooled prevalence 0.8%, 95% CI 0.3-1.2%). Five mortalities were identified (pooled prevalence 0.3%, 95% CI -0.1-0.6%). Overall, our analysis identified 121 surgical complications related to SEEG insertion and monitoring (pooled prevalence 1.3%, 95% CI 0.9-1.7%).
This review represents a comprehensive estimation of the actual incidence of complications related to SEEG. We report a rate substantially lower than the complication rates reported for other methods of extraoperative invasive monitoring. These data should alleviate the concerns of some regarding the safety of the ""stereotactic"" method, allowing a better decision process among the different methods of invasive monitoring and ameliorating the fear associated with the placement of depth electrodes.",,1456122781,5909855,4f6fa4eb3cf058f6100027f4,"['Jeffrey P Mullin', 'Michael Shriver', 'Soha Alomar', 'Imad Najm', 'Juan Bulacio', 'Patrick Chauvel', 'Jorge Gonzalez-Martinez']",9,,,,,10,9,"{'com': 1, 'pub': 7, 'sci': 1}","{'all': {'count': 26558784, 'mean': 10.926065713550743, 'rank': 6800030, 'pct': 74, 'higher_than': 19752058}, 'journal': {'count': 6016, 'mean': 9.747734375, 'rank': 2340, 'pct': 61, 'higher_than': 3673}, 'similar_age_3m': {'count': 314287, 'mean': 12.917143814411668, 'rank': 84610, 'pct': 73, 'higher_than': 229620}, 'similar_age_journal_3m': {'count': 72, 'mean': 6.075333333333333, 'rank': 18, 'pct': 75, 'higher_than': 54}}",https://www.altmetric.com/details.php?citation_id=5909855,pub.1052263042,10.1111/epi.13298,1456012800,[],"{'1y': 0, '6m': 0, '3m': 0, '1m': 0, '1w': 0, '6d': 0, '5d': 0, '4d': 0, '3d': 0, '2d': 0, '1d': 0, 'at': 5.449999999999999}","{'small': 'https://badges.altmetric.com/?size=64&score=6&types=tttttttt', 'medium': 'https://badges.altmetric.com/?size=100&score=6&types=tttttttt', 'large': 'https://badges.altmetric.com/?size=180&score=6&types=tttttttt'}",False,[],"['0013-9580', '1528-1167']",Epilepsia,1644988660,,26899389,1456790400,1456012800,"[{'name': 'Clinical Sciences', 'scheme': 'era'}, {'name': 'Neurosciences', 'scheme': 'era'}]","{'citeulike': '0', 'mendeley': '324', 'connotea': '0'}",324,1.5.4,"['Medicine', 'Life Sciences', 'Health Sciences', 'Neuroscience']",5.449999999999999,"['neurology', 'brain']",Is SEEG safe? A systematic review and meta‐analysis of stereo‐electroencephalography–related complications,article,http://dx.doi.org/10.1111/epi.13298
,,1588583110,81178546,4f6fa6293cf058f610007d98,"['Jorge Gonzalez-Martinez', 'Jeffrey Mullin', 'Sumeet Vadera', 'Juan Bulacio', 'Gwyneth Hughes', 'Stephen Jones', 'Rei Enatsu', 'Imad Najm']",2,,,,2,2,,[],"{'all': {'count': 25377790, 'mean': 10.746163337154263, 'rank': 8537346, 'pct': 43, 'higher_than': 11118421}, 'journal': {'count': 6769, 'mean': 8.78445708376422, 'rank': 3097, 'pct': 27, 'higher_than': 1892}, 'similar_age_3m': {'count': 318655, 'mean': 8.440128446125119, 'rank': 96309, 'pct': 47, 'higher_than': 152006}, 'similar_age_journal_3m': {'count': 52, 'mean': 26.436615384615383, 'rank': 27, 'pct': 44, 'higher_than': 23}}",https://www.altmetric.com/details.php?citation_id=81178546,pub.1071078433,10.3171/2013.11.jns13635,1388707200,[],"{'1y': 0, '6m': 0, '3m': 0, '1m': 0, '1w': 0, '6d': 0, '5d': 0, '4d': 0, '3d': 0, '2d': 0, '1d': 0, 'at': 3}","{'small': 'https://badges.altmetric.com/?size=64&score=3&types=aaaaaaaa', 'medium': 'https://badges.altmetric.com/?size=100&score=3&types=aaaaaaaa', 'large': 'https://badges.altmetric.com/?size=180&score=3&types=aaaaaaaa'}",False,[],"['0022-3085', '1933-0693']",Journal of Neurosurgery,1670889600,,24405074,1393632000,1388707200,"[{'name': 'Clinical Sciences', 'scheme': 'era'}, {'name': 'Neurosciences', 'scheme': 'era'}]","{'citeulike': '0', 'mendeley': '200', 'connotea': '0'}",200,1.5.4,"['Medicine', 'Health Sciences']",3,,Stereotactic placement of depth electrodes in medically intractable epilepsy.,article,http://dx.doi.org/10.3171/2013.11.jns13635
"Stereotactic laser ablation offers an advantage over open surgical procedures for treatment of epileptic foci, tumors, and other brain pathology. Robot-assisted stereotactic laser ablation could offer an accurate, efficient, minimally invasive, and safe method for placement of an ablation catheter into the target.",pubmed,1390483756,2066814,4f6fa62f3cf058f6100082b6,"['Jorge Gonzalez-Martinez', 'Sumeet Vadera', 'Jeffrey Mullin', 'Rei Enatsu', 'Andreas V. Alexopoulos', 'Ravish Patwardhan', 'William Bingaman', 'Imad Najm']",7,,,3,1,8,3,{'pub': 3},"{'all': {'count': 25373627, 'mean': 10.745293783659706, 'rank': 1190070, 'pct': 95, 'higher_than': 24180243}, 'journal': {'count': 5705, 'mean': 6.8343884312007015, 'rank': 154, 'pct': 97, 'higher_than': 5551}, 'similar_age_3m': {'count': 240961, 'mean': 9.323857072306305, 'rank': 11440, 'pct': 95, 'higher_than': 229484}, 'similar_age_journal_3m': {'count': 29, 'mean': 14.180620689655173, 'rank': 6, 'pct': 79, 'higher_than': 23}}",https://www.altmetric.com/details.php?citation_id=2066814,pub.1022833398,10.1227/neu.0000000000000286,,,"{'1y': 0, '6m': 0, '3m': 0, '1m': 0, '1w': 0, '6d': 0, '5d': 0, '4d': 0, '3d': 0, '2d': 0, '1d': 0, 'at': 33}","{'small': 'https://badges.altmetric.com/?size=64&score=33&types=mmmmattt', 'medium': 'https://badges.altmetric.com/?size=100&score=33&types=mmmmattt', 'large': 'https://badges.altmetric.com/?size=180&score=33&types=mmmmattt'}",False,,"['0148-396X', '1524-4040']",Neurosurgery,1670889600,,24448180,1401580800,1401580800,"[{'name': 'Clinical Sciences', 'scheme': 'era'}, {'name': 'Neurosciences', 'scheme': 'era'}]","{'citeulike': '0', 'mendeley': '167', 'connotea': '0'}",167,1.5.4,"['Medicine', 'Health Sciences']",33,['neurosurgery'],Robot-Assisted Stereotactic Laser Ablation in Medically Intractable Epilepsy: Operative Technique,article,http://dx.doi.org/10.1227/neu.0000000000000286
,,1660099578,133872088,4f6fa5143cf058f6100035a8,"['Mohamed A R Soliman', 'Alexander O Aguirre', 'Cathleen C Kuo', 'Nicco Ruggiero', 'Shady Azmy', 'Asham Khan', 'Moleca M Ghannam', 'Neil D Almeida', 'Patrick K Jowdy', 'Jeffrey P Mullin', 'John Pollina']",7,,,,,7,7,"{'pub': 6, 'doc': 1}","{'all': {'count': 26169168, 'mean': 10.850393734489383, 'rank': 5530505, 'pct': 78, 'higher_than': 20621167}, 'journal': {'count': 3928, 'mean': 6.423131364562119, 'rank': 705, 'pct': 82, 'higher_than': 3222}, 'similar_age_3m': {'count': 437064, 'mean': 15.030150627825686, 'rank': 108527, 'pct': 75, 'higher_than': 328140}, 'similar_age_journal_3m': {'count': 68, 'mean': 3.326470588235294, 'rank': 12, 'pct': 82, 'higher_than': 56}}",https://www.altmetric.com/details.php?citation_id=133872088,pub.1150124104,10.1016/j.spinee.2022.08.002,1660089600,[],"{'1y': 0, '6m': 0, '3m': 0, '1m': 0, '1w': 0, '6d': 0, '5d': 0, '4d': 0, '3d': 0, '2d': 0, '1d': 0, 'at': 6.35}","{'small': 'https://badges.altmetric.com/?size=64&score=7&types=tttttttt', 'medium': 'https://badges.altmetric.com/?size=100&score=7&types=tttttttt', 'large': 'https://badges.altmetric.com/?size=180&score=7&types=tttttttt'}",False,[],"['1529-9430', '1878-1632']",Spine Journal,1667763088,,35961523,1669852800,1660089600,"[{'name': 'Clinical Sciences', 'scheme': 'era'}, {'name': 'Neurosciences', 'scheme': 'era'}]","{'citeulike': '0', 'mendeley': '16', 'connotea': '0'}",16,1.5.4,"['Medicine', 'Health Sciences']",6.35,,Vertebral bone quality score independently predicts cage subsidence following transforaminal lumbar interbody fusion,article,http://dx.doi.org/10.1016/j.spinee.2022.08.002
"Although stereoelectroencephalography (SEEG) has been shown to be a valuable tool for preoperative decision making in focal epilepsy, there are few reports addressing the utility and safety of SEEG methodology applied to children and adolescents.",pubmed,1410772795,2683680,4f6fa62f3cf058f6100082b6,"['Jorge Gonzalez-Martinez', 'Jeffrey Mullin', 'Juan Bulacio', 'Ajay Gupta', 'Rei Enatsu', 'Imad Najm', 'William Bingaman', 'Elaine Wyllie', 'Deepak Lachhwani']",3,,,,1,3,2,{'pub': 2},"{'all': {'count': 25371288, 'mean': 10.745266393255244, 'rank': 6874583, 'pct': 72, 'higher_than': 18450537}, 'journal': {'count': 5705, 'mean': 6.8352210341805435, 'rank': 1588, 'pct': 71, 'higher_than': 4097}, 'similar_age_3m': {'count': 248664, 'mean': 9.496666795354377, 'rank': 62876, 'pct': 74, 'higher_than': 185306}, 'similar_age_journal_3m': {'count': 55, 'mean': 9.75189090909091, 'rank': 15, 'pct': 70, 'higher_than': 39}}",https://www.altmetric.com/details.php?citation_id=2683680,pub.1001831525,10.1227/neu.0000000000000453,,[],"{'1y': 0, '6m': 0, '3m': 0, '1m': 0, '1w': 0, '6d': 0, '5d': 0, '4d': 0, '3d': 0, '2d': 0, '1d': 0, 'at': 4.85}","{'small': 'https://badges.altmetric.com/?size=64&score=5&types=aaattttt', 'medium': 'https://badges.altmetric.com/?size=100&score=5&types=aaattttt', 'large': 'https://badges.altmetric.com/?size=180&score=5&types=aaattttt'}",False,[],"['0148-396X', '1524-4040']",Neurosurgery,1670889600,,24887288,1409529600,1409529600,"[{'name': 'Clinical Sciences', 'scheme': 'era'}, {'name': 'Neurosciences', 'scheme': 'era'}]","{'citeulike': '0', 'mendeley': '104', 'connotea': '0'}",104,1.5.4,"['Medicine', 'Health Sciences']",4.85,['neurosurgery'],Stereoelectroencephalography in children and adolescents with difficult-to-localize refractory focal epilepsy.,article,http://dx.doi.org/10.1227/neu.0000000000000453
,,1674207513,141566091,4f6fa62f3cf058f6100082b6,"['Sumeet Vadera', 'Jeffrey Mullin', 'Juan Bulacio', 'Imad Najm', 'William Bingaman', 'Jorge Gonzalez-Martinez']",1,,,,1,1,,[],"{'all': {'count': 25371288, 'mean': 10.745266393255244, 'rank': 8533995, 'pct': 43, 'higher_than': 11115459}, 'journal': {'count': 5705, 'mean': 6.834519894829097, 'rank': 2109, 'pct': 37, 'higher_than': 2135}, 'similar_age_3m': {'count': 204326, 'mean': 9.147539373354347, 'rank': 70673, 'pct': 48, 'higher_than': 99321}, 'similar_age_journal_3m': {'count': 41, 'mean': 3.1902439024390246, 'rank': 11, 'pct': 60, 'higher_than': 25}}",https://www.altmetric.com/details.php?citation_id=141566091,pub.1004093658,10.1227/neu.0b013e318285b4ae,,[],"{'1y': 0, '6m': 0, '3m': 0, '1m': 0, '1w': 0, '6d': 0, '5d': 0, '4d': 0, '3d': 0, '2d': 0, '1d': 0, 'at': 3}","{'small': 'https://badges.altmetric.com/?size=64&score=3&types=aaaaaaaa', 'medium': 'https://badges.altmetric.com/?size=100&score=3&types=aaaaaaaa', 'large': 'https://badges.altmetric.com/?size=180&score=3&types=aaaaaaaa'}",False,[],"['0148-396X', '1524-4040']",Neurosurgery,1670889600,,23313979,1367366400,1367366400,"[{'name': 'Clinical Sciences', 'scheme': 'era'}, {'name': 'Neurosciences', 'scheme': 'era'}]","{'citeulike': '0', 'mendeley': '89', 'connotea': '0'}",89,1.5.4,"['Medicine', 'Health Sciences']",3,,Stereoelectroencephalography Following Subdural Grid Placement for Difficult to Localize Epilepsy,article,http://dx.doi.org/10.1227/neu.0b013e318285b4ae
"The aims of this retrospective cohort study were to: 1) identify new alignment risk factors for proximal junctional kyphosis (PJK) in adult spinal deformity (ASD) patients with lower thoracic upper instrumented vertebra (UIV); and 2) determine the effect of junctional tethers on PJK and UIV alignment.
We analyzed consecutive ASD patients who underwent posterior instrumented fusion with lower thoracic UIV (T9-T11). Posteriorly-anchored junctional tethers were utilized more recently for ligamentous augmentation to prevent PJK. In addition to regional and global parameters, upper vs. lower segmental lumbar lordosis (ULL, LLL) and UIV angle (measured from UIV inferior endplate to horizontal) were assessed. Primary outcome of PJK was defined as proximal junctional angle >10° and >10° greater than the corresponding preoperative measurement. Uni- and multivariable analyses were performed.
The study cohort comprised 120 ASD patients (mean age 67 years) with minimum 1-year follow-up. Preoperative ULL (p=0.034) and UIV angle (p=0.026) were associated with PJK. No independent preoperative alignment risk factors of PJK were identified in multivariable analysis. Tether use was protective against PJK (OR=0.063 [0.016 - 0.247], p<0.001). PJK in tethered patients was more common with greater postoperative ULL (p=0.047) and UIV angle (p=0.026).
Junctional tethers significantly reduced PJK in ASD patients with lower thoracic UIV. In tethered patients, PJK was more common with greater postoperative lordosis of the upper lumbar spine and greater UIV angle. This suggests potential benefit of tethers to mitigate effects of segmental lumbar and focal UIV malalignment that may occur after deformity surgery.",,1537093983,48481872,4f6fa63b3cf058f610008d13,"['Thomas J Buell', 'Ching-Jen Chen', 'John C Quinn', 'Avery L Buchholz', 'Marcus D Mazur', 'Jeffrey P Mullin', 'James H Nguyen', 'Davis G Taylor', 'Shay Bess', 'Breton G Line', 'Christopher P Ames', 'Frank J Schwab', 'Virginie Lafage', 'Christopher I Shaffrey', 'Justin S Smith']",1,,,,,1,1,{'pub': 1},"{'all': {'count': 25385509, 'mean': 10.745820662961695, 'rank': 22767715, 'pct': 1, 'higher_than': 0}, 'journal': {'count': 7047, 'mean': 3.471518376614162, 'rank': 5801, 'pct': 1, 'higher_than': 0}, 'similar_age_3m': {'count': 347727, 'mean': 14.149470872264732, 'rank': 304496, 'pct': 1, 'higher_than': 0}, 'similar_age_journal_3m': {'count': 266, 'mean': 2.6373684210526314, 'rank': 201, 'pct': 1, 'higher_than': 0}}",https://www.altmetric.com/details.php?citation_id=48481872,pub.1106905906,10.1016/j.wneu.2018.08.242,1536624000,[],"{'1y': 0, '6m': 0, '3m': 0, '1m': 0, '1w': 0, '6d': 0, '5d': 0, '4d': 0, '3d': 0, '2d': 0, '1d': 0, 'at': 0.25}","{'small': 'https://badges.altmetric.com/?size=64&score=1&types=tttttttt', 'medium': 'https://badges.altmetric.com/?size=100&score=1&types=tttttttt', 'large': 'https://badges.altmetric.com/?size=180&score=1&types=tttttttt'}",False,[],"['1878-8750', '1878-8769']",World Neurosurgery,1537093970,,30217780,1546300800,1536624000,,"{'citeulike': '0', 'mendeley': '54', 'connotea': '0'}",54,1.5.4,,0.25,['neurosurgery'],Alignment Risk Factors for Proximal Junctional Kyphosis and the Effect of Lower Thoracic Junctional Tethers for Adult Spinal Deformity,article,http://dx.doi.org/10.1016/j.wneu.2018.08.242
,,1607997244,95984763,4f6fa63b3cf058f610008d13,"[""Timothy E O'Connor"", ""Mary Margaret O'Hehir"", 'Asham Khan', 'Jennifer Z Mao', 'Lauren C Levy', 'Jeffrey P Mullin', 'John Pollina']",2,,,,,2,2,{'pub': 2},"{'all': {'count': 25387668, 'mean': 10.746735046558827, 'rank': 15179141, 'pct': 38, 'higher_than': 9863975}, 'journal': {'count': 7047, 'mean': 3.471695757059742, 'rank': 2411, 'pct': 64, 'higher_than': 4512}, 'similar_age_3m': {'count': 435995, 'mean': 17.220113698551593, 'rank': 224539, 'pct': 46, 'higher_than': 203003}, 'similar_age_journal_3m': {'count': 191, 'mean': 4.263246073298429, 'rank': 73, 'pct': 58, 'higher_than': 111}}",https://www.altmetric.com/details.php?citation_id=95984763,pub.1131649873,10.1016/j.wneu.2020.10.010,1602460800,[],"{'1y': 0, '6m': 0, '3m': 0, '1m': 0, '1w': 0, '6d': 0, '5d': 0, '4d': 0, '3d': 0, '2d': 0, '1d': 0, 'at': 2}","{'small': 'https://badges.altmetric.com/?size=64&score=2&types=tttttttt', 'medium': 'https://badges.altmetric.com/?size=100&score=2&types=tttttttt', 'large': 'https://badges.altmetric.com/?size=180&score=2&types=tttttttt'}",False,[],"['1878-8750', '1878-8769']",World Neurosurgery,1608000036,,33059080,1609459200,1602460800,,"{'citeulike': '0', 'mendeley': '49', 'connotea': '0'}",49,1.5.4,,2,,Mazor X Stealth Robotic Technology: A Technical Note,article,http://dx.doi.org/10.1016/j.wneu.2020.10.010
,,1681906589,146122886,4f6fa62f3cf058f6100082b6,"['Cathleen C. Kuo', 'Mohamed A. R. Soliman', 'Alexander O. Aguirre', 'Nicco Ruggiero', 'Marissa Kruk', 'Asham Khan', 'Moleca M. Ghannam', 'Neil D. Almeida', 'Patrick K. Jowdy', 'David E. Smolar', 'John Pollina', 'Jeffrey P. Mullin']",23,,,,,37,23,"{'pub': 14, 'doc': 4, 'com': 2, 'sci': 2}","{'all': {'count': 26629129, 'mean': 10.93277895871097, 'rank': 2319415, 'pct': 91, 'higher_than': 24307252}, 'journal': {'count': 5910, 'mean': 6.946314043993231, 'rank': 348, 'pct': 94, 'higher_than': 5560}, 'similar_age_3m': {'count': 498363, 'mean': 13.012537844904237, 'rank': 48769, 'pct': 90, 'higher_than': 449515}, 'similar_age_journal_3m': {'count': 120, 'mean': 9.3325, 'rank': 11, 'pct': 90, 'higher_than': 109}}",https://www.altmetric.com/details.php?citation_id=146122886,pub.1154881736,10.1227/neu.0000000000002291,1671408000,[],"{'1y': 9.2, '6m': 0.5, '3m': 0, '1m': 0, '1w': 0, '6d': 0, '5d': 0, '4d': 0, '3d': 0, '2d': 0, '1d': 0, 'at': 16.299999999999997}","{'small': 'https://badges.altmetric.com/?size=64&score=17&types=tttttttt', 'medium': 'https://badges.altmetric.com/?size=100&score=17&types=tttttttt', 'large': 'https://badges.altmetric.com/?size=180&score=17&types=tttttttt'}",False,[],"['0148-396X', '1524-4040']",Neurosurgery,1711739434,,36700747,1682899200,1671408000,"[{'name': 'Clinical Sciences', 'scheme': 'era'}, {'name': 'Neurosciences', 'scheme': 'era'}]","{'citeulike': '0', 'mendeley': '14', 'connotea': '0'}",14,1.5.4,"['Medicine', 'Health Sciences']",16.299999999999997,,Vertebral Bone Quality Score Independently Predicts Proximal Junctional Kyphosis and/or Failure After Adult Spinal Deformity Surgery,article,http://dx.doi.org/10.1227/neu.0000000000002291
,,1701864735,157229177,4f6fa63b3cf058f610008d13,"['Jeffrey P. Mullin', 'Daniel Sexton', 'Soha Al-Omar', 'William Bingaman', 'Jorge Gonzalez-Martinez']",1,,,,1,1,,[],"{'all': {'count': 25373627, 'mean': 10.745293783659706, 'rank': 8534976, 'pct': 43, 'higher_than': 11118051}, 'journal': {'count': 7046, 'mean': 3.4720962248084017, 'rank': 1499, 'pct': 71, 'higher_than': 5043}, 'similar_age_3m': {'count': 311617, 'mean': 12.738708132098056, 'rank': 111674, 'pct': 54, 'higher_than': 170859}, 'similar_age_journal_3m': {'count': 91, 'mean': 2.9480439560439557, 'rank': 17, 'pct': 75, 'higher_than': 69}}",https://www.altmetric.com/details.php?citation_id=157229177,pub.1024312207,10.1016/j.wneu.2016.02.034,1455580800,[],"{'1y': 3, '6m': 0, '3m': 0, '1m': 0, '1w': 0, '6d': 0, '5d': 0, '4d': 0, '3d': 0, '2d': 0, '1d': 0, 'at': 3}","{'small': 'https://badges.altmetric.com/?size=64&score=3&types=aaaaaaaa', 'medium': 'https://badges.altmetric.com/?size=100&score=3&types=aaaaaaaa', 'large': 'https://badges.altmetric.com/?size=180&score=3&types=aaaaaaaa'}",False,[],"['1878-8750', '1878-8769']",World Neurosurgery,1699488000,,26893042,1462060800,1455580800,,"{'citeulike': '0', 'mendeley': '94', 'connotea': '0'}",94,1.5.4,,3,,Outcomes of Subdural Grid Electrode Monitoring in the Stereoelectroencephalography Era,article,http://dx.doi.org/10.1016/j.wneu.2016.02.034
"OBJECTIVE Insular epilepsy is relatively rare; however, exploring the insular cortex when preoperative workup raises the suspicion of insular epilepsy is of paramount importance for accurate localization of the epileptogenic zone and achievement of seizure freedom. The authors review their clinical experience with stereoelectroencephalography (SEEG) electrode implantation in patients with medically intractable epilepsy and suspected insular involvement. METHODS A total of 198 consecutive cases in which patients underwent SEEG implantation with a total of 1556 electrodes between June 2009 and April 2013 were reviewed. The authors identified patients with suspected insular involvement based on seizure semiology, scalp EEG data, and preoperative imaging (MRI, PET, and SPECT or magnetoencephalography [MEG]). Patients with at least 1 insular electrode based on the postoperative 3D reconstruction of CT fused with the preoperative MRI were included. RESULTS One hundred thirty-five patients with suspected insular epilepsy underwent insular implantation of a total of 303 electrodes (1-6 insular electrodes per patient) with a total of 562 contacts. Two hundred sixty-eight electrodes (88.5%) were implanted orthogonally through the frontoparietal or temporal operculum (420 contacts). Thirty-five electrodes (11.5%) were implanted by means of an oblique trajectory either through a frontal or a parietal entry point (142 contacts). Nineteen patients (14.07%) had insular electrodes placed bilaterally. Twenty-three patients (17.04% of the insular implantation group and 11.6% of the whole SEEG cohort) were confirmed by SEEG to have ictal onset zones in the insula. None of the patients experienced any intracerebral hemorrhage related to the insular electrodes. After insular resection, 5 patients (33.3%) had Engel Class I outcomes, 6 patients (40%) had Engel Class II, 3 patients (20%) had Engel Class III, and 1 patient (6.66%) had Engel Class IV. CONCLUSIONS Insula exploration with stereotactically placed depth electrodes is a safe technique. Orthogonal electrodes are implanted when the hypothesis suggests opercular involvement; however, oblique electrodes allow a higher insular sampling rate.",,1497796448,21153873,4f6fa6293cf058f610007d98,"['Soha Alomar', 'Jeffrey P Mullin', 'Saksith Smithason', 'Jorge Gonzalez-Martinez']",8,1,,,,8,7,"{'pub': 3, 'com': 1, 'sci': 3}","{'all': {'count': 25394764, 'mean': 10.746438158275465, 'rank': 7721759, 'pct': 69, 'higher_than': 17614698}, 'journal': {'count': 6771, 'mean': 8.781877123024666, 'rank': 2794, 'pct': 58, 'higher_than': 3955}, 'similar_age_3m': {'count': 317443, 'mean': 14.510411803063855, 'rank': 109782, 'pct': 65, 'higher_than': 206797}, 'similar_age_journal_3m': {'count': 93, 'mean': 14.86215053763441, 'rank': 65, 'pct': 27, 'higher_than': 26}}",https://www.altmetric.com/details.php?citation_id=21153873,pub.1086128859,10.3171/2017.1.jns161070,1497571200,[],"{'1y': 0, '6m': 0, '3m': 0, '1m': 0, '1w': 0, '6d': 0, '5d': 0, '4d': 0, '3d': 0, '2d': 0, '1d': 0, 'at': 3.85}","{'small': 'https://badges.altmetric.com/?size=64&score=4&types=tttttttf', 'medium': 'https://badges.altmetric.com/?size=100&score=4&types=tttttttf', 'large': 'https://badges.altmetric.com/?size=180&score=4&types=tttttttf'}",False,[],"['0022-3085', '1933-0693']",Journal of Neurosurgery,1498078359,,28621621,1522540800,1497571200,"[{'name': 'Clinical Sciences', 'scheme': 'era'}, {'name': 'Neurosciences', 'scheme': 'era'}]","{'citeulike': '0', 'mendeley': '109', 'connotea': '0'}",109,1.5.4,"['Medicine', 'Health Sciences']",3.85,['neurosurgery'],"Indications, technique, and safety profile of insular stereoelectroencephalography electrode implantation in medically intractable epilepsy.",article,http://dx.doi.org/10.3171/2017.1.jns161070
,,1671041063,140162143,4f6fa62f3cf058f6100082b6,"['Mohamed A. R. Soliman', 'Alexander O. Aguirre', 'Cathleen C. Kuo', 'Nicco Ruggiero', 'Asham Khan', 'Moleca M. Ghannam', 'Kyungduk Rho', 'Patrick K. Jowdy', 'Jeffrey P. Mullin', 'John Pollina']",7,,,,,7,7,{'pub': 7},"{'all': {'count': 23342092, 'mean': 10.314344430841192, 'rank': 4778865, 'pct': 79, 'higher_than': 18554297}, 'journal': {'count': 5237, 'mean': 6.664452931067409, 'rank': 1021, 'pct': 80, 'higher_than': 4212}, 'similar_age_3m': {'count': 435411, 'mean': 11.99351381568144, 'rank': 94546, 'pct': 78, 'higher_than': 340569}, 'similar_age_journal_3m': {'count': 99, 'mean': 8.113131313131314, 'rank': 35, 'pct': 65, 'higher_than': 65}}",https://www.altmetric.com/details.php?citation_id=140162143,pub.1155067718,10.1227/neu.0000000000002269,1670976000,[],"{'1y': 0, '6m': 0, '3m': 0, '1m': 0, '1w': 0, '6d': 0, '5d': 0, '4d': 0, '3d': 0, '2d': 0, '1d': 0, 'at': 6.199999999999999}","{'small': 'https://badges.altmetric.com/?size=64&score=7&types=tttttttt', 'medium': 'https://badges.altmetric.com/?size=100&score=7&types=tttttttt', 'large': 'https://badges.altmetric.com/?size=180&score=7&types=tttttttt'}",False,[],"['0148-396X', '1524-4040']",Neurosurgery,1671084705,,36729684,1680307200,1670976000,"[{'name': 'Clinical Sciences', 'scheme': 'era'}, {'name': 'Neurosciences', 'scheme': 'era'}]","{'citeulike': '0', 'mendeley': '5', 'connotea': '0'}",5,1.5.4,"['Medicine', 'Health Sciences']",6.199999999999999,,A Novel Cervical Vertebral Bone Quality Score Independently Predicts Cage Subsidence After Anterior Cervical Diskectomy and Fusion,article,http://dx.doi.org/10.1227/neu.0000000000002269
,,1717618683,164241151,4f6fa62f3cf058f6100082b6,"['Pui Man Rosalind Lai', 'Jeffrey P Mullin', 'Assaf Berger', 'Douglas B Moreland', 'Elad I Levy']",22,,,,,25,22,"{'pub': 11, 'sci': 5, 'doc': 4, 'com': 2}","{'all': {'count': 26563746, 'mean': 10.925073212565731, 'rank': 2204626, 'pct': 91, 'higher_than': 24356578}, 'journal': {'count': 5899, 'mean': 6.906834378708256, 'rank': 322, 'pct': 94, 'higher_than': 5577}, 'similar_age_3m': {'count': 353155, 'mean': 11.940880112132064, 'rank': 34042, 'pct': 90, 'higher_than': 319010}, 'similar_age_journal_3m': {'count': 65, 'mean': 4.817384615384615, 'rank': 3, 'pct': 95, 'higher_than': 62}}",https://www.altmetric.com/details.php?citation_id=164241151,pub.1170447758,10.1227/neu.0000000000002936,1712275200,[],"{'1y': 17.2, '6m': 17.2, '3m': 0, '1m': 0, '1w': 0, '6d': 0, '5d': 0, '4d': 0, '3d': 0, '2d': 0, '1d': 0, 'at': 17.2}","{'small': 'https://badges.altmetric.com/?size=64&score=18&types=tttttttt', 'medium': 'https://badges.altmetric.com/?size=100&score=18&types=tttttttt', 'large': 'https://badges.altmetric.com/?size=180&score=18&types=tttttttt'}",False,[],"['0148-396X', '1524-4040']",Neurosurgery,1712707548,,38578095,1712275200,1712275200,"[{'name': 'Clinical Sciences', 'scheme': 'era'}, {'name': 'Neurosciences', 'scheme': 'era'}]","{'citeulike': 0, 'mendeley': 0, 'connotea': 0}",0,1.5.4,"['Medicine', 'Health Sciences']",17.2,,Neurosurgical Training Requires Embracing Ambulatory Surgery Centers.,article,http://dx.doi.org/10.1227/neu.0000000000002936
,,1673201416,140969538,4f6fa4eb3cf058f610002870,"['Cathleen C. Kuo', 'Mohamed A. R. Soliman', 'Alexander O. Aguirre', 'Dennis Youngs', 'Marissa Kruk', 'Ryan M. Hess', 'Elizabeth M. Nyabuto', 'Asham Khan', 'Patrick K. Jowdy', 'John Pollina', 'Jeffrey P. Mullin']",5,,,,,5,5,{'pub': 5},"{'all': {'count': 24166768, 'mean': 10.554760093303422, 'rank': 6903046, 'pct': 71, 'higher_than': 17257034}, 'journal': {'count': 4974, 'mean': 4.134153598713305, 'rank': 820, 'pct': 83, 'higher_than': 4152}, 'similar_age_3m': {'count': 442956, 'mean': 12.335381771551706, 'rank': 126937, 'pct': 71, 'higher_than': 315403}, 'similar_age_journal_3m': {'count': 121, 'mean': 2.6366115702479345, 'rank': 12, 'pct': 90, 'higher_than': 110}}",https://www.altmetric.com/details.php?citation_id=140969538,pub.1154325735,10.1007/s00586-022-07486-3,1673049600,[],"{'1y': 0, '6m': 0, '3m': 0, '1m': 0, '1w': 0, '6d': 0, '5d': 0, '4d': 0, '3d': 0, '2d': 0, '1d': 0, 'at': 4.05}","{'small': 'https://badges.altmetric.com/?size=64&score=5&types=tttttttt', 'medium': 'https://badges.altmetric.com/?size=100&score=5&types=tttttttt', 'large': 'https://badges.altmetric.com/?size=180&score=5&types=tttttttt'}",False,[],"['0940-6719', '1432-0932']",European Spine Journal,1675048602,,36611078,1677628800,1673049600,"[{'name': 'Medicine & Public Health', 'scheme': 'springer'}, {'name': 'Neurosurgery', 'scheme': 'springer'}, {'name': 'Surgical Orthopedics', 'scheme': 'springer'}, {'name': 'Biomedical Engineering', 'scheme': 'era'}, {'name': 'Clinical Sciences', 'scheme': 'era'}]","{'citeulike': '0', 'mendeley': '12', 'connotea': '0'}",12,1.5.4,"['Medicine', 'Health Sciences']",4.05,,Risk factors of early complications after thoracic and lumbar spinal deformity surgery: a systematic review and meta-analysis,article,http://dx.doi.org/10.1007/s00586-022-07486-3
,,1699639634,156346794,4f6fa5143cf058f6100035a7,"['Alan H. Daniels', 'Mohammad Daher', 'Manjot Singh', 'Mariah Balmaceno-Criss', 'Renaud Lafage', 'Bassel G. Diebo', 'David K. Hamilton', 'Justin S. Smith', 'Robert K. Eastlack', 'Richard G. Fessler', 'Jeffrey L. Gum', 'Munish C. Gupta', 'Richard Hostin', 'Khaled M. Kebaish', 'Eric O. Klineberg', 'Stephen J. Lewis', 'Breton G. Line', 'Pierce D. Nunley', 'Gregory M. Mundis', 'Peter G. Passias', 'Themistocles S. Protopsaltis', 'Thomas Buell', 'Justin K. Scheer', 'Jeffrey P. Mullin', 'Alex Soroceanu', 'Christopher P. Ames', 'Lawrence G. Lenke', 'Shay Bess', 'Christopher I. Shaffrey', 'Douglas C. Burton', 'Virginie Lafage', 'Frank J. Schwab', 'International Spine Study Group']",6,,,,,6,6,"{'pub': 5, 'doc': 1}","{'all': {'count': 25394764, 'mean': 10.746438158275465, 'rank': 8194992, 'pct': 67, 'higher_than': 17126592}, 'journal': {'count': 8453, 'mean': 6.941820418786231, 'rank': 2905, 'pct': 65, 'higher_than': 5535}, 'similar_age_3m': {'count': 356823, 'mean': 11.724904554919387, 'rank': 115222, 'pct': 67, 'higher_than': 239759}, 'similar_age_journal_3m': {'count': 20, 'mean': 11.4415, 'rank': 9, 'pct': 55, 'higher_than': 11}}",https://www.altmetric.com/details.php?citation_id=156346794,pub.1165809026,10.1097/brs.0000000000004873,1699488000,[],"{'1y': 3.35, '6m': 0, '3m': 0, '1m': 0, '1w': 0, '6d': 0, '5d': 0, '4d': 0, '3d': 0, '2d': 0, '1d': 0, 'at': 3.35}","{'small': 'https://badges.altmetric.com/?size=64&score=4&types=tttttttt', 'medium': 'https://badges.altmetric.com/?size=100&score=4&types=tttttttt', 'large': 'https://badges.altmetric.com/?size=180&score=4&types=tttttttt'}",False,[],"['0362-2436', '1528-1159']",Spine,1699890224,,37942794,1709251200,1699488000,"[{'name': 'Biomedical Engineering', 'scheme': 'era'}, {'name': 'Clinical Sciences', 'scheme': 'era'}]","{'citeulike': '0', 'mendeley': '8', 'connotea': '0'}",8,1.5.4,"['Medicine', 'Health Sciences']",3.35,,The Case for Operative Efficiency in Adult Spinal Deformity Surgery,article,http://dx.doi.org/10.1097/brs.0000000000004873
,,1621428327,106105558,4f6fa5143cf058f6100035a8,"['Nathan J Lee', 'Scott L Zuckerman', 'Ian A Buchanan', 'Venkat Boddapati', 'Justin Mathew', 'Eric Leung', 'Paul J Park', 'Martin H Pham', 'Avery L Buchholz', 'Asham Khan', 'John Pollina', 'Jeffrey P Mullin', 'Ehsan Jazini', 'Colin Haines', 'Thomas C Schuler', 'Christopher R Good', 'Joseph M Lombardi', 'Ronald A Lehman']",4,,,,,4,4,"{'pub': 2, 'doc': 1, 'sci': 1}","{'all': {'count': 25387668, 'mean': 10.746735046558827, 'rank': 14795067, 'pct': 41, 'higher_than': 10462046}, 'journal': {'count': 3853, 'mean': 6.383467427978199, 'rank': 1368, 'pct': 63, 'higher_than': 2464}, 'similar_age_3m': {'count': 457036, 'mean': 16.186119723610428, 'rank': 211464, 'pct': 52, 'higher_than': 241581}, 'similar_age_journal_3m': {'count': 58, 'mean': 2.424137931034483, 'rank': 16, 'pct': 68, 'higher_than': 40}}",https://www.altmetric.com/details.php?citation_id=106105558,pub.1138174840,10.1016/j.spinee.2021.05.015,1621382400,[],"{'1y': 0, '6m': 0, '3m': 0, '1m': 0, '1w': 0, '6d': 0, '5d': 0, '4d': 0, '3d': 0, '2d': 0, '1d': 0, 'at': 2.35}","{'small': 'https://badges.altmetric.com/?size=64&score=3&types=tttttttt', 'medium': 'https://badges.altmetric.com/?size=100&score=3&types=tttttttt', 'large': 'https://badges.altmetric.com/?size=180&score=3&types=tttttttt'}",False,[],"['1529-9430', '1878-1632']",Spine Journal,1636724310,,34022461,1630454400,1621382400,"[{'name': 'Clinical Sciences', 'scheme': 'era'}, {'name': 'Neurosciences', 'scheme': 'era'}]","{'citeulike': '0', 'mendeley': '47', 'connotea': '0'}",47,1.5.4,"['Medicine', 'Health Sciences']",2.35,,"Is there a difference between navigated and non-navigated robot cohorts in robot-assisted spine surgery? A multicenter, propensity-matched analysis of 2,800 screws and 372 patients",article,http://dx.doi.org/10.1016/j.spinee.2021.05.015
Carotid-cavernous fistula was one of the first intracranial vascular lesions to be recognized. This paper focuses on the historical progression of our understanding of the condition and its symptomatology-from the initial hypothesis of ophthalmic artery aneurysm as the cause of pulsating exophthalmos to the recognition and acceptance of fistulas between the carotid arterial system and cavernous sinus as the true etiology. The authors also discuss the advancements in treatment from Benjamin Travers' early common carotid ligation and wooden compression methods to today's endovascular approaches.,,1474118932,12062529,4f6fa6293cf058f610007d98,"['Min Lang', 'Ghaith Habboub', 'Jeffrey P Mullin', 'Peter A Rasmussen']",1,,,1,,1,,[],"{'all': {'count': 25394764, 'mean': 10.746438158275465, 'rank': 4841279, 'pct': 79, 'higher_than': 20272889}, 'journal': {'count': 6771, 'mean': 8.781877123024666, 'rank': 1701, 'pct': 74, 'higher_than': 5070}, 'similar_age_3m': {'count': 315224, 'mean': 13.45199680227394, 'rank': 70746, 'pct': 76, 'higher_than': 239787}, 'similar_age_journal_3m': {'count': 54, 'mean': 5.954629629629631, 'rank': 13, 'pct': 74, 'higher_than': 40}}",https://www.altmetric.com/details.php?citation_id=12062529,pub.1071082561,10.3171/2016.5.jns152372,1473984000,[],"{'1y': 0, '6m': 0, '3m': 0, '1m': 0, '1w': 0, '6d': 0, '5d': 0, '4d': 0, '3d': 0, '2d': 0, '1d': 0, 'at': 7}","{'small': 'https://badges.altmetric.com/?size=64&score=7&types=mmmmmmmm', 'medium': 'https://badges.altmetric.com/?size=100&score=7&types=mmmmmmmm', 'large': 'https://badges.altmetric.com/?size=180&score=7&types=mmmmmmmm'}",False,[],"['0022-3085', '1933-0693']",Journal of Neurosurgery,1494590411,,27636180,1496275200,1473984000,"[{'name': 'Clinical Sciences', 'scheme': 'era'}, {'name': 'Neurosciences', 'scheme': 'era'}]","{'citeulike': '0', 'mendeley': '47', 'connotea': '0'}",47,1.5.4,"['Medicine', 'Health Sciences']",7,['neurosurgery'],A brief history of carotid-cavernous fistula.,article,http://dx.doi.org/10.3171/2016.5.jns152372
,,1708790439,160040237,4f6fa6293cf058f610007d9a,"['Pooja Dave', 'Renaud Lafage', 'Justin S Smith', 'Breton G Line', 'Peter S Tretiakov', 'Jamshaid Mir', 'Bassel Diebo', 'Alan H Daniels', 'Jeffrey L Gum', 'D Kojo Hamilton', 'Thomas Buell', 'Khoi D Than', 'Kai-Ming Fu', 'Justin K Scheer', 'Robert Eastlack', 'Jeffrey P Mullin', 'Gregory Mundis', 'Naobumi Hosogane', 'Mitsuru Yagi', 'Pierce Nunley', 'Dean Chou', 'Praveen V Mummaneni', 'Eric O Klineberg', 'Khaled M Kebaish', 'Stephen Lewis', 'Richard A Hostin', 'Munish C Gupta', 'Han Jo Kim', 'Christopher P Ames', 'Robert A Hart', 'Lawrence G Lenke', 'Christopher I Shaffrey', 'Shay Bess', 'Frank J Schwab', 'Virginie Lafage', 'Douglas C Burton', 'Peter G Passias']",4,,,,,4,4,"{'com': 1, 'pub': 2, 'doc': 1}","{'all': {'count': 26538769, 'mean': 10.922369041759248, 'rank': 15869467, 'pct': 39, 'higher_than': 10590579}, 'journal': {'count': 2103, 'mean': 8.89356062767475, 'rank': 1339, 'pct': 35, 'higher_than': 742}, 'similar_age_3m': {'count': 386959, 'mean': 11.597917278057885, 'rank': 159795, 'pct': 58, 'higher_than': 225236}, 'similar_age_journal_3m': {'count': 35, 'mean': 3.36, 'rank': 17, 'pct': 48, 'higher_than': 17}}",https://www.altmetric.com/details.php?citation_id=160040237,pub.1167909752,10.3171/2023.11.spine23766,1705017600,[],"{'1y': 2.1, '6m': 0, '3m': 0, '1m': 0, '1w': 0, '6d': 0, '5d': 0, '4d': 0, '3d': 0, '2d': 0, '1d': 0, 'at': 2.1}","{'small': 'https://badges.altmetric.com/?size=64&score=3&types=tttttttt', 'medium': 'https://badges.altmetric.com/?size=100&score=3&types=tttttttt', 'large': 'https://badges.altmetric.com/?size=180&score=3&types=tttttttt'}",False,[],"['1547-5654', '1547-5646']",Journal of Neurosurgery: Spine,1709418489,,38215449,1711929600,1705017600,"[{'name': 'Clinical Sciences', 'scheme': 'era'}, {'name': 'Neurosciences', 'scheme': 'era'}]","{'citeulike': '0', 'mendeley': '10', 'connotea': '0'}",10,1.5.4,"['Medicine', 'Life Sciences', 'Health Sciences', 'Neuroscience']",2.1,,Predictors of pelvic tilt normalization: a multicenter study on the impact of regional and lower-extremity compensation on pelvic alignment after complex adult spinal deformity surgery.,article,http://dx.doi.org/10.3171/2023.11.spine23766
,,1707944499,159530965,4f6fa62f3cf058f6100082b6,"['Cathleen C. Kuo', 'Mohamed A. R. Soliman', 'Rehman Ali Baig', 'Alexander O. Aguirre', 'Nicco Ruggiero', 'Brianna M. Donnelly', 'Manhal Siddiqi', 'Asham Khan', 'Esteban Quiceno', 'Jeffrey P. Mullin', 'John Pollina']",2,,,,,2,2,"{'pub': 1, 'sci': 1}","{'all': {'count': 26522772, 'mean': 10.920112012650865, 'rank': 16846371, 'pct': 34, 'higher_than': 9116784}, 'journal': {'count': 5892, 'mean': 6.886358791581806, 'rank': 4208, 'pct': 26, 'higher_than': 1557}, 'similar_age_3m': {'count': 387716, 'mean': 11.578540163418587, 'rank': 181605, 'pct': 50, 'higher_than': 194032}, 'similar_age_journal_3m': {'count': 63, 'mean': 4.122222222222222, 'rank': 44, 'pct': 23, 'higher_than': 15}}",https://www.altmetric.com/details.php?citation_id=159530965,pub.1168725624,10.1227/neu.0000000000002864,1707436800,[],"{'1y': 1.5, '6m': 0.5, '3m': 0.5, '1m': 0, '1w': 0, '6d': 0, '5d': 0, '4d': 0, '3d': 0, '2d': 0, '1d': 0, 'at': 1.5}","{'small': 'https://badges.altmetric.com/?size=64&score=2&types=tttttttt', 'medium': 'https://badges.altmetric.com/?size=100&score=2&types=tttttttt', 'large': 'https://badges.altmetric.com/?size=180&score=2&types=tttttttt'}",False,[],"['0148-396X', '1524-4040']",Neurosurgery,1721165408,,38334396,1722470400,1707436800,"[{'name': 'Clinical Sciences', 'scheme': 'era'}, {'name': 'Neurosciences', 'scheme': 'era'}]","{'citeulike': 0, 'mendeley': 0, 'connotea': 0}",0,1.5.4,"['Medicine', 'Health Sciences']",1.5,,Vertebral Bone Quality Score as a Predictor of Adjacent Segment Disease After Lumbar Interbody Fusion,article,http://dx.doi.org/10.1227/neu.0000000000002864
,,1707960229,159533396,4f6fa5143cf058f6100035a8,"['Sarthak Mohanty', 'Fthimnir M. Hassan', 'Lawrence G. Lenke', 'Erik Lewerenz', 'Peter G. Passias', 'Eric O. Klineberg', 'Virginie Lafage', 'Justin S. Smith', 'D. Kojo Hamilton', 'Jeffrey L. Gum', 'Renaud Lafage', 'Jeffrey Mullin', 'Bassel Diebo', 'Thomas J. Buell', 'Han Jo Kim', 'Khalid Kebaish', 'Robert Eastlack', 'Alan H. Daniels', 'Gregory Mundis', 'Richard Hostin', 'Themistocles S. Protopsaltis', 'Robert A. Hart', 'Munish Gupta', 'Frank J. Schwab', 'Christopher I. Shaffrey', 'Christopher P. Ames', 'Douglas Burton', 'Shay Bess', 'International Spine Study Group']",1,,,,,1,1,{'pub': 1},"{'all': {'count': 26248133, 'mean': 10.875566973239586, 'rank': 21383016, 'pct': 10, 'higher_than': 2671924}, 'journal': {'count': 3929, 'mean': 6.4256833799949105, 'rank': 2655, 'pct': 6, 'higher_than': 271}, 'similar_age_3m': {'count': 382368, 'mean': 11.522118236881747, 'rank': 266358, 'pct': 17, 'higher_than': 65796}, 'similar_age_journal_3m': {'count': 56, 'mean': 2.019285714285714, 'rank': 22, 'pct': 1, 'higher_than': 0}}",https://www.altmetric.com/details.php?citation_id=159533396,pub.1168883355,10.1016/j.spinee.2024.02.010,1707955200,[],"{'1y': 0.5, '6m': 0, '3m': 0, '1m': 0, '1w': 0, '6d': 0, '5d': 0, '4d': 0, '3d': 0, '2d': 0, '1d': 0, 'at': 0.5}","{'small': 'https://badges.altmetric.com/?size=64&score=1&types=tttttttt', 'medium': 'https://badges.altmetric.com/?size=100&score=1&types=tttttttt', 'large': 'https://badges.altmetric.com/?size=180&score=1&types=tttttttt'}",False,[],"['1529-9430', '1878-1632']",Spine Journal,1707960215,,38365004,1717200000,1707955200,"[{'name': 'Clinical Sciences', 'scheme': 'era'}, {'name': 'Neurosciences', 'scheme': 'era'}]","{'citeulike': '0', 'mendeley': '17', 'connotea': '0'}",17,1.5.4,"['Medicine', 'Health Sciences']",0.5,,Machine learning clustering of adult spinal deformity patients identifies four prognostic phenotypes: a multicenter prospective cohort analysis with single surgeon external validation,article,http://dx.doi.org/10.1016/j.spinee.2024.02.010
,,1720568198,165277388,4f6fa5143cf058f6100035a7,"['Mariah Balmaceno-Criss', 'Renaud Lafage', 'Daniel Alsoof', 'Mohammad Daher', 'David Kojo Hamilton', 'Justin S. Smith', 'Robert K. Eastlack', 'Richard G. Fessler', 'Jeffrey L. Gum', 'Munish C. Gupta', 'Richard Hostin', 'Khaled M. Kebaish', 'Eric O. Klineberg', 'Stephen J. Lewis', 'Breton G. Line', 'Pierce D. Nunley', 'Gregory M. Mundis', 'Peter G. Passias', 'Themistocles S. Protopsaltis', 'Thomas Buell', 'Justin K. Scheer', 'Jeffrey P. Mullin', 'Alex Soroceanu', 'Christopher P. Ames', 'Lawrence G. Lenke', 'Shay Bess', 'Christopher I. Shaffrey', 'Frank J. Schwab', 'Virginie Lafage', 'Douglas C. Burton', 'Bassel G. Diebo', 'Alan H. Daniels', 'International Spine Study Group']",1,,,,,1,1,{'com': 1},"{'all': {'count': 26289377, 'mean': 10.878197230843472, 'rank': 21421549, 'pct': 10, 'higher_than': 2673092}, 'journal': {'count': 8530, 'mean': 7.057055099648302, 'rank': 6709, 'pct': 8, 'higher_than': 764}, 'similar_age_3m': {'count': 355111, 'mean': 12.012197284792645, 'rank': 247179, 'pct': 17, 'higher_than': 61660}, 'similar_age_journal_3m': {'count': 31, 'mean': 3.0177419354838713, 'rank': 17, 'pct': 3, 'higher_than': 1}}",https://www.altmetric.com/details.php?citation_id=165277388,pub.1168996687,10.1097/brs.0000000000004957,1708387200,[],"{'1y': 0.5, '6m': 0.5, '3m': 0.5, '1m': 0, '1w': 0, '6d': 0, '5d': 0, '4d': 0, '3d': 0, '2d': 0, '1d': 0, 'at': 0.5}","{'small': 'https://badges.altmetric.com/?size=64&score=1&types=tttttttt', 'medium': 'https://badges.altmetric.com/?size=100&score=1&types=tttttttt', 'large': 'https://badges.altmetric.com/?size=180&score=1&types=tttttttt'}",False,[],"['0362-2436', '1528-1159']",Spine,1720568190,,38375611,1717200000,1708387200,"[{'name': 'Biomedical Engineering', 'scheme': 'era'}, {'name': 'Clinical Sciences', 'scheme': 'era'}]","{'citeulike': '0', 'mendeley': '7', 'connotea': '0'}",7,1.5.4,"['Medicine', 'Health Sciences']",0.5,,Impact of Hip and Knee Osteoarthritis on Full Body Sagittal Alignment and Compensation for Sagittal Spinal Deformity,article,http://dx.doi.org/10.1097/brs.0000000000004957
"OBJECTIVE In 2009, Santoni and colleagues described a novel technique of posterior instrumentation; the cortical bone trajectory (CBT) was described as a caudocephalad and medial-to-lateral trajectory. Reported indications for CBT fixation include patients with osteoporosis, single-level degenerative disease, or adjacent-segment disease (ASD). In cases of revision surgery, it is technically possible and beneficial to place a traditional pedicle screw and a CBT screw at the same spinal level and side. It remains unclear as to the feasibility of placing both a traditional and a CBT screw at all levels of the lumbar spine and with varying trajectories of the preexisting traditional pedicle screws. Therefore, the authors conducted a study to radiographically assess the feasibility of using CBT and traditional pedicle screws at the same level in a large patient population. METHODS Using a 3D Spine Navigation WorkStation, the authors assessed 47 lumbar spine CT scans. These images were obtained from 2 disparate groups of patients: those who had previously undergone traditional pedicle instrumentation (prior surgery group) and those who had not (no prior surgery group). The authors virtually placed traditional pedicle and CBT screws at each lumbar level bilaterally. It was then determined if the dual trajectories were feasible, as defined by the presence or absence of a collision of the screw trajectories based on 3D imaging. RESULTS Overall, the authors evaluated 47 patients and were able to successfully plan dual trajectories in 50% of the pedicles. The no prior surgery group, compared with the prior surgery group, had a significantly greater success rate for dual trajectories. This difference was most significant in the lower lumbar levels (L3-5) where the prior instrumented group had success rates lower than 40% compared with the no prior surgery group's success rate, which was greater than 70%. There was a significant difference between each lumbar level in the lower spine. CONCLUSIONS There is a significant difference in the feasibility of planning CBT screws in patients who have undergone prior pedicle instrumentation compared with placing CBT and traditional pedicle screws simultaneously, but dual trajectory pedicle screws are a feasible option for posterior lumbar spinal instrumentation, especially as a de novo option in osteoporotic patients or in patients with ASD who underwent previous pedicle instrumentation. Ultimately, the practical clinical utility and biomechanical effects on the spine and instrumentation construct would require additional study.",,1468067822,9535926,4f6fa6293cf058f610007d9a,"['Jeffrey P Mullin', 'Breanna Perlmutter', 'Eric Schmidt', 'Edward Benzel', 'Michael P Steinmetz']",1,,,,,2,1,{'sci': 1},"{'all': {'count': 25377790, 'mean': 10.746163337154263, 'rank': 20660571, 'pct': 10, 'higher_than': 2615493}, 'journal': {'count': 2036, 'mean': 9.005722986247545, 'rank': 1772, 'pct': 7, 'higher_than': 146}, 'similar_age_3m': {'count': 370756, 'mean': 12.520065816871481, 'rank': 287153, 'pct': 11, 'higher_than': 43475}, 'similar_age_journal_3m': {'count': 26, 'mean': 5.861538461538462, 'rank': 19, 'pct': 19, 'higher_than': 5}}",https://www.altmetric.com/details.php?citation_id=9535926,pub.1071082524,10.3171/2016.4.spine151483,1467936000,[],"{'1y': 0, '6m': 0, '3m': 0, '1m': 0, '1w': 0, '6d': 0, '5d': 0, '4d': 0, '3d': 0, '2d': 0, '1d': 0, 'at': 0.5}","{'small': 'https://badges.altmetric.com/?size=64&score=1&types=tttttttt', 'medium': 'https://badges.altmetric.com/?size=100&score=1&types=tttttttt', 'large': 'https://badges.altmetric.com/?size=180&score=1&types=tttttttt'}",False,[],"['1547-5654', '1547-5646']",Journal of Neurosurgery: Spine,1500314535,,27391396,1480550400,1467936000,"[{'name': 'Clinical Sciences', 'scheme': 'era'}, {'name': 'Neurosciences', 'scheme': 'era'}]","{'citeulike': '0', 'mendeley': '48', 'connotea': '0'}",48,1.5.4,"['Medicine', 'Life Sciences', 'Health Sciences', 'Neuroscience']",0.5,['neurosurgery'],Radiographic feasibility study of cortical bone trajectory and traditional pedicle screw dual trajectories.,article,http://dx.doi.org/10.3171/2016.4.spine151483
,,1556169450,59482720,4f6fa62f3cf058f6100082b8,"['Thomas J Buell', 'Davis G Taylor', 'Ching-Jen Chen', 'Lauren K Dunn', 'Jeffrey P Mullin', 'Marcus D Mazur', 'Chun-Po Yen', 'Mark E Shaffrey', 'Christopher I Shaffrey', 'Justin S Smith', 'Bhiken I Naik']",2,,,,,2,2,{'doc': 2},"{'all': {'count': 26617918, 'mean': 10.931365766698962, 'rank': 18196633, 'pct': 21, 'higher_than': 5697420}, 'journal': {'count': 1884, 'mean': 7.41267940552017, 'rank': 1474, 'pct': 14, 'higher_than': 271}, 'similar_age_3m': {'count': 368218, 'mean': 14.615266059779806, 'rank': 238191, 'pct': 26, 'higher_than': 99282}, 'similar_age_journal_3m': {'count': 28, 'mean': 8.512500000000001, 'rank': 21, 'pct': 17, 'higher_than': 5}}",https://www.altmetric.com/details.php?citation_id=59482720,pub.1113177865,10.3171/2019.1.focus18572,,[],"{'1y': 0, '6m': 0, '3m': 0, '1m': 0, '1w': 0, '6d': 0, '5d': 0, '4d': 0, '3d': 0, '2d': 0, '1d': 0, 'at': 1}","{'small': 'https://badges.altmetric.com/?size=64&score=1&types=tttttttt', 'medium': 'https://badges.altmetric.com/?size=100&score=1&types=tttttttt', 'large': 'https://badges.altmetric.com/?size=180&score=1&types=tttttttt'}",False,[],['1092-0684'],Neurosurgical Focus,1556610243,,30933918,1554076800,1554076800,"[{'name': 'Clinical Sciences', 'scheme': 'era'}, {'name': 'Neurosciences', 'scheme': 'era'}]","{'citeulike': '0', 'mendeley': '31', 'connotea': '0'}",31,1.5.4,"['Medicine', 'Health Sciences']",1,,Rotational thromboelastometry-guided transfusion during lumbar pedicle subtraction osteotomy for adult spinal deformity: preliminary findings from a matched cohort study.,article,http://dx.doi.org/10.3171/2019.1.focus18572
,,1644339742,122664866,4f6fa62f3cf058f6100082b8,"['Asham Khan', 'Mohamed A R Soliman', 'Nathan J Lee', 'Muhammad Waqas', 'Joseph M Lombardi', 'Venkat Boddapati', 'Lauren C Levy', 'Jennifer Z Mao', 'Paul J Park', 'Justin Mathew', 'Ronald A Lehman', 'Jeffrey P Mullin', 'John Pollina']",3,,,,,3,3,"{'com': 1, 'pub': 2}","{'all': {'count': 26617918, 'mean': 10.931365789240168, 'rank': 16840396, 'pct': 36, 'higher_than': 9712878}, 'journal': {'count': 1884, 'mean': 7.41299787685775, 'rank': 1349, 'pct': 27, 'higher_than': 523}, 'similar_age_3m': {'count': 532836, 'mean': 14.509817974010806, 'rank': 279741, 'pct': 47, 'higher_than': 251143}, 'similar_age_journal_3m': {'count': 36, 'mean': 5.115277777777778, 'rank': 28, 'pct': 19, 'higher_than': 7}}",https://www.altmetric.com/details.php?citation_id=122664866,pub.1144342259,10.3171/2021.10.focus21506,,[],"{'1y': 0, '6m': 0, '3m': 0, '1m': 0, '1w': 0, '6d': 0, '5d': 0, '4d': 0, '3d': 0, '2d': 0, '1d': 0, 'at': 1.6}","{'small': 'https://badges.altmetric.com/?size=64&score=2&types=tttttttt', 'medium': 'https://badges.altmetric.com/?size=100&score=2&types=tttttttt', 'large': 'https://badges.altmetric.com/?size=180&score=2&types=tttttttt'}",False,[],['1092-0684'],Neurosurgical Focus,1644354477,,34973678,1640995200,1640995200,"[{'name': 'Clinical Sciences', 'scheme': 'era'}, {'name': 'Neurosciences', 'scheme': 'era'}]","{'citeulike': '0', 'mendeley': '23', 'connotea': '0'}",23,1.5.4,"['Medicine', 'Health Sciences']",1.6,,CT-to-fluoroscopy registration versus scan-and-plan registration for robot-assisted insertion of lumbar pedicle screws.,article,http://dx.doi.org/10.3171/2021.10.focus21506
,,1666704088,137664273,55c4aec22a83eee34e8b4567,"['Mohamed A. R. Soliman', 'Nicco Ruggiero', 'Alexander O. Aguirre', 'Cathleen C. Kuo', 'Wasiq I. Khawar', 'Asham Khan', 'Patrick K. Jowdy', 'Robert V. Starling', 'Jeffrey P. Mullin', 'John Pollina']",9,,,,,9,9,"{'pub': 6, 'com': 2, 'sci': 1}","{'all': {'count': 24736359, 'mean': 10.631295043057875, 'rank': 5210045, 'pct': 78, 'higher_than': 19521088}, 'journal': {'count': 1647, 'mean': 4.755245901639344, 'rank': 296, 'pct': 81, 'higher_than': 1348}, 'similar_age_3m': {'count': 423985, 'mean': 14.489492661296993, 'rank': 105162, 'pct': 75, 'higher_than': 318628}, 'similar_age_journal_3m': {'count': 56, 'mean': 4.927321428571429, 'rank': 11, 'pct': 82, 'higher_than': 46}}",https://www.altmetric.com/details.php?citation_id=137664273,pub.1151855618,10.1227/ons.0000000000000368,1663113600,[],"{'1y': 0, '6m': 0, '3m': 0, '1m': 0, '1w': 0, '6d': 0, '5d': 0, '4d': 0, '3d': 0, '2d': 0, '1d': 0, 'at': 6.1499999999999995}","{'small': 'https://badges.altmetric.com/?size=64&score=7&types=tttttttt', 'medium': 'https://badges.altmetric.com/?size=100&score=7&types=tttttttt', 'large': 'https://badges.altmetric.com/?size=180&score=7&types=tttttttt'}",False,[],"['2332-4252', '2332-4260']",Operative Neurosurgery,1666744185,,36227242,1667260800,1663113600,,"{'citeulike': '0', 'mendeley': '5', 'connotea': '0'}",5,1.5.4,,6.1499999999999995,,Prone Transpsoas Lateral Lumbar Interbody Fusion for Degenerative Lumbar Spine Disease: Case Series With an Operative Video Using Fluoroscopy-Based Instrument Tracking Guidance,article,http://dx.doi.org/10.1227/ons.0000000000000368
,,1549289112,54936109,55c4aec22a83eee34e8b4567,"['Thomas J Buell', 'Jeffrey P Mullin', 'James H Nguyen', 'Davis G Taylor', 'Juanita Garces', 'Marcus D Mazur', 'Avery L Buchholz', 'Mark E Shaffrey', 'Chun-Po Yen', 'Christopher I Shaffrey', 'Justin S Smith']",1,,,,,1,1,{'pub': 1},"{'all': {'count': 25382440, 'mean': 10.745874169386397, 'rank': 22767715, 'pct': 1, 'higher_than': 0}, 'journal': {'count': 1498, 'mean': 5.083403204272363, 'rank': 1398, 'pct': 1, 'higher_than': 0}, 'similar_age_3m': {'count': 343126, 'mean': 14.749094892255327, 'rank': 301294, 'pct': 1, 'higher_than': 0}, 'similar_age_journal_3m': {'count': 48, 'mean': 2.823541666666667, 'rank': 43, 'pct': 1, 'higher_than': 0}}",https://www.altmetric.com/details.php?citation_id=54936109,pub.1104412239,10.1093/ons/opy148,1528156800,[],"{'1y': 0, '6m': 0, '3m': 0, '1m': 0, '1w': 0, '6d': 0, '5d': 0, '4d': 0, '3d': 0, '2d': 0, '1d': 0, 'at': 0.25}","{'small': 'https://badges.altmetric.com/?size=64&score=1&types=tttttttt', 'medium': 'https://badges.altmetric.com/?size=100&score=1&types=tttttttt', 'large': 'https://badges.altmetric.com/?size=180&score=1&types=tttttttt'}",False,[],"['2332-4252', '2332-4260']",Operative Neurosurgery,1528369133,,29873786,1548979200,1528156800,,"{'citeulike': '0', 'mendeley': '12', 'connotea': '0'}",12,1.5.4,,0.25,,A Novel Junctional Tether Weave Technique for Adult Spinal Deformity: 2-Dimensional Operative Video,article,http://dx.doi.org/10.1093/ons/opy148
,,1571590719,69007152,4f6fa62f3cf058f6100082b6,"['Jeffrey P. Mullin', 'Pranay Soni', 'Sungho Lee', 'Lara Jehi', 'Ahsan Moosa Naduvil Valappi', 'William Bingaman', 'Jorge Gonzalez-Martinez']",6,,,,,7,6,"{'pub': 4, 'com': 2}","{'all': {'count': 25373627, 'mean': 10.745293783659706, 'rank': 7896290, 'pct': 68, 'higher_than': 17436025}, 'journal': {'count': 5705, 'mean': 6.8343884312007015, 'rank': 1895, 'pct': 66, 'higher_than': 3792}, 'similar_age_3m': {'count': 348369, 'mean': 13.059842758684042, 'rank': 114693, 'pct': 66, 'higher_than': 233045}, 'similar_age_journal_3m': {'count': 121, 'mean': 11.087206611570247, 'rank': 25, 'pct': 79, 'higher_than': 96}}",https://www.altmetric.com/details.php?citation_id=69007152,pub.1022336306,10.1227/neu.0000000000001307,,[],"{'1y': 0, '6m': 0, '3m': 0, '1m': 0, '1w': 0, '6d': 0, '5d': 0, '4d': 0, '3d': 0, '2d': 0, '1d': 0, 'at': 3.6}","{'small': 'https://badges.altmetric.com/?size=64&score=4&types=tttttttt', 'medium': 'https://badges.altmetric.com/?size=100&score=4&types=tttttttt', 'large': 'https://badges.altmetric.com/?size=180&score=4&types=tttttttt'}",False,[],"['0148-396X', '1524-4040']",Neurosurgery,1572013250,,27322806,1472688000,1472688000,"[{'name': 'Clinical Sciences', 'scheme': 'era'}, {'name': 'Neurosciences', 'scheme': 'era'}]","{'citeulike': '0', 'mendeley': '32', 'connotea': '0'}",32,1.5.4,"['Medicine', 'Health Sciences']",3.6,,Volumetric Analysis of Cerebral Peduncles and Cerebellar Hemispheres for Predicting Hemiparesis After Hemispherectomy,article,http://dx.doi.org/10.1227/neu.0000000000001307
,,1641824933,120565133,4f6fa5143cf058f6100035a7,"['Nathan J. Lee', 'Ian A. Buchanan', 'Scott L. Zuckermann', 'Venkat Boddapati', 'Justin Mathew', 'Matthew Geiselmann', 'Paul J. Park', 'Eric Leung', 'Avery L. Buchholz', 'Asham Khan', 'Jeffrey Mullin', 'John Pollina', 'Ehsan Jazini', 'Colin Haines', 'Thomas C. Schuler', 'Christopher R. Good', 'Joseph M. Lombardi', 'Ronald A. Lehman']",3,,1,,,3,2,"{'com': 1, 'sci': 1}","{'all': {'count': 23001641, 'mean': 10.240647223664366, 'rank': 3698504, 'pct': 83, 'higher_than': 19294073}, 'journal': {'count': 8211, 'mean': 6.479138716356122, 'rank': 1428, 'pct': 82, 'higher_than': 6782}, 'similar_age_3m': {'count': 445622, 'mean': 14.769699009473124, 'rank': 88225, 'pct': 80, 'higher_than': 357140}, 'similar_age_journal_3m': {'count': 53, 'mean': 15.084528301886793, 'rank': 19, 'pct': 64, 'higher_than': 34}}",https://www.altmetric.com/details.php?citation_id=120565133,pub.1138646882,10.1097/brs.0000000000004132,1622764800,[],"{'1y': 0, '6m': 0, '3m': 0, '1m': 0, '1w': 0, '6d': 0, '5d': 0, '4d': 0, '3d': 0, '2d': 0, '1d': 0, 'at': 8.35}","{'small': 'https://badges.altmetric.com/?size=64&score=9&types=bbbttttt', 'medium': 'https://badges.altmetric.com/?size=100&score=9&types=bbbttttt', 'large': 'https://badges.altmetric.com/?size=180&score=9&types=bbbttttt'}",False,[],"['0362-2436', '1528-1159']",Spine,1643287097,PMC8654274,34091564,1640995200,1622764800,"[{'name': 'Biomedical Engineering', 'scheme': 'era'}, {'name': 'Clinical Sciences', 'scheme': 'era'}]","{'citeulike': '0', 'mendeley': '28', 'connotea': '0'}",28,1.5.4,"['Medicine', 'Health Sciences']",8.35,,"What Is the Comparison in Robot Time per Screw, Radiation Exposure, Robot Abandonment, Screw Accuracy, and Clinical Outcomes Between Percutaneous and Open Robot-Assisted Short Lumbar Fusion?",article,http://dx.doi.org/10.1097/brs.0000000000004132
,,1683312916,147639786,4f6fa6293cf058f610007d98,"['Stephen G Bowden', 'Hao Tan', 'Michael G Rothbaum', 'Steven H Cook', 'Simon Hanft', 'Jason Heth', 'Peter F Morgenstern', 'Jeffrey P Mullin', 'Josiah N Orina', 'Jonathan L Wilson', 'Jesse L Winer', 'Stacey Q Wolfe', 'Lola B Chambless', 'Nathan R Selden']",38,,,,,39,38,"{'pub': 25, 'doc': 5, 'sci': 7, 'com': 1}","{'all': {'count': 26605615, 'mean': 10.929174774422618, 'rank': 1360229, 'pct': 94, 'higher_than': 25246433}, 'journal': {'count': 6994, 'mean': 8.802380325993711, 'rank': 270, 'pct': 96, 'higher_than': 6725}, 'similar_age_3m': {'count': 415950, 'mean': 14.189750619064807, 'rank': 27837, 'pct': 93, 'higher_than': 388128}, 'similar_age_journal_3m': {'count': 78, 'mean': 7.01923076923077, 'rank': 4, 'pct': 94, 'higher_than': 74}}",https://www.altmetric.com/details.php?citation_id=147639786,pub.1157836700,10.3171/2023.3.jns23259,1683244800,[],"{'1y': 0, '6m': 0, '3m': 0, '1m': 0, '1w': 0, '6d': 0, '5d': 0, '4d': 0, '3d': 0, '2d': 0, '1d': 0, 'at': 30.550000000000015}","{'small': 'https://badges.altmetric.com/?size=64&score=31&types=tttttttt', 'medium': 'https://badges.altmetric.com/?size=100&score=31&types=tttttttt', 'large': 'https://badges.altmetric.com/?size=180&score=31&types=tttttttt'}",False,[],"['0022-3085', '1933-0693']",Journal of Neurosurgery,1684981003,,37148230,1701388800,1683244800,"[{'name': 'Clinical Sciences', 'scheme': 'era'}, {'name': 'Neurosciences', 'scheme': 'era'}]","{'citeulike': '0', 'mendeley': '6', 'connotea': '0'}",6,1.5.4,"['Medicine', 'Health Sciences']",30.550000000000015,,Milestones for neurosurgery sub-interns: a novel evaluation tool to quantitatively differentiate residency applicants.,article,http://dx.doi.org/10.3171/2023.3.jns23259
"Pedicle subtraction osteotomy (PSO) is an effective technique to correct fixed sagittal malalignment. A variation of this technique, the ""trans-discal"" or ""extended"" PSO (Schwab grade IV osteotomy), involves extending the posterior wedge resection of the index vertebra to include the superior adjacent disc for radical discectomy. The posterior wedge may be resected in asymmetric fashion to correct concurrent global coronal malalignment.This video illustrates the technical nuances of an extended asymmetrical lumbar PSO for adult spinal deformity. A 62-yr-old female with multiple prior lumbar fusions presented with worsening back pain and posture. Preoperative scoliosis X-rays demonstrated severe global sagittal and coronal malalignment (sagittal vertical axis [SVA, C7-plumbline] of 13.5 cm, pelvic incidence [PI] of 60°, lumbar lordosis [LL] of 14° [in kyphosis], pelvic tilt [PT] of 61°, thoracic kyphosis [TK] of 18°, and rightward coronal shift of 9.3 cm). The patient gave informed consent to surgery and for use of her imaging for medical publication. Briefly, surgery first involved transpedicular instrumentation from T10 to S1 with bilateral iliac screw fixation, and then T11-12 and T12-L1 Smith-Petersen osteotomies were performed. Next, an extended asymmetrical L4 PSO was performed and a 12° lordotic cage (9 × 14 × 40 mm) was placed at the PSO defect. Rods were placed from T10 to iliac bilaterally, and accessory supplemental rods spanning the PSO were attached. Postoperative scoliosis X-rays demonstrated improved alignment: SVA 5.5 cm, PI 60°, LL 55°, PT 36°, TK 37°, and 3.7 cm of rightward coronal shift. The patient had uneventful recovery.",,1529490268,43908750,55c4aec22a83eee34e8b4567,"['Thomas J Buell', 'Avery L Buchholz', 'John C Quinn', 'Jeffrey P Mullin', 'Juanita Garces', 'Marcus D Mazur', 'Mark E Shaffrey', 'Chun-Po Yen', 'Christopher I Shaffrey', 'Justin S Smith']",10,,,,,11,10,"{'pub': 7, 'com': 1, 'doc': 1, 'sci': 1}","{'all': {'count': 25385509, 'mean': 10.745820662961695, 'rank': 6484414, 'pct': 74, 'higher_than': 18889345}, 'journal': {'count': 1498, 'mean': 5.083403204272363, 'rank': 361, 'pct': 75, 'higher_than': 1130}, 'similar_age_3m': {'count': 328691, 'mean': 14.752575914764932, 'rank': 100376, 'pct': 69, 'higher_than': 228174}, 'similar_age_journal_3m': {'count': 52, 'mean': 2.661153846153846, 'rank': 8, 'pct': 84, 'higher_than': 44}}",https://www.altmetric.com/details.php?citation_id=43908750,pub.1104980145,10.1093/ons/opy160,1529107200,[],"{'1y': 0, '6m': 0, '3m': 0, '1m': 0, '1w': 0, '6d': 0, '5d': 0, '4d': 0, '3d': 0, '2d': 0, '1d': 0, 'at': 5.3}","{'small': 'https://badges.altmetric.com/?size=64&score=6&types=tttttttt', 'medium': 'https://badges.altmetric.com/?size=100&score=6&types=tttttttt', 'large': 'https://badges.altmetric.com/?size=180&score=6&types=tttttttt'}",False,[],"['2332-4252', '2332-4260']",Operative Neurosurgery,1556925399,,29920605,1548979200,1529107200,,"{'citeulike': '0', 'mendeley': '3', 'connotea': '0'}",3,1.5.4,,5.3,,Extended Asymmetrical Pedicle Subtraction Osteotomy for Adult Spinal Deformity: 2-Dimensional Operative Video,article,http://dx.doi.org/10.1093/ons/opy160
,,1645692221,123583129,4f6fa61a3cf058f61000758e,"['Jennifer Z. Mao', 'Mohamed A.R. Soliman', 'Brian A. Karamian', 'Asham Khan', 'Alexander G. Fritz', 'Naval Avasthi', 'Stephen DiMaria', 'Bennett R. Levy', 'Timothy E. O’Connor', 'Gregory Schroeder', 'John Pollina', 'Alexander R. Vaccaro', 'Jeffrey P. Mullin']",1,,,,,7,1,{'pub': 1},"{'all': {'count': 23221875, 'mean': 10.290367724068547, 'rank': 15617824, 'pct': 22, 'higher_than': 5173606}, 'journal': {'count': 1120, 'mean': 3.6782785714285735, 'rank': 582, 'pct': 38, 'higher_than': 426}, 'similar_age_3m': {'count': 441340, 'mean': 14.706646639777848, 'rank': 252350, 'pct': 32, 'higher_than': 141529}, 'similar_age_journal_3m': {'count': 60, 'mean': 4.2225, 'rank': 30, 'pct': 40, 'higher_than': 24}}",https://www.altmetric.com/details.php?citation_id=123583129,pub.1145781904,10.1177/21925682211068410,1645574400,[],"{'1y': 0, '6m': 0, '3m': 0, '1m': 0, '1w': 0, '6d': 0, '5d': 0, '4d': 0, '3d': 0, '2d': 0, '1d': 0, 'at': 1}","{'small': 'https://badges.altmetric.com/?size=64&score=1&types=tttttttt', 'medium': 'https://badges.altmetric.com/?size=100&score=1&types=tttttttt', 'large': 'https://badges.altmetric.com/?size=180&score=1&types=tttttttt'}",False,[],"['2192-5682', '2192-5690']",Global Spine Journal,1646037829,PMC10556891,35195035,1693526400,1645574400,,"{'citeulike': '0', 'mendeley': '7', 'connotea': '0'}",7,1.5.4,,1,,Anatomical and Technical Considerations of Robot-Assisted Cervical Pedicle Screw Placement: A Cadaveric Study,article,http://dx.doi.org/10.1177/21925682211068410
,,1717152916,163971463,4f6fa63b3cf058f610008d13,"['David Polly', 'Greg Mundis', 'Robert Eastlack', 'Jean-Christopher Leveque', 'Benjamin D. Elder', 'Christopher Martin', 'Roland Kent', 'Ryan Snowden', 'Han Jo Kim', 'Jonathan Sembrano', 'Joshua Herzog', 'Isador Lieberman', 'Virgilio Matheus', 'Avery Buchholz', 'Jorg Franke', 'Robert Lee', 'Christopher Shaffrey', 'SILVIA Investigator Group', 'Gregory Mundis', 'Joshua Herzog', 'Avery Buchholz', 'Robert Eastlack', 'Benjamin Elder', 'Isador Lieberman', 'Han Jo Kim', 'Virgilio Matheus', 'Ryan Snowden', 'Jorg Franke', 'Lars Klapproth', 'Jean-Christophe Leveque', 'Jonathan Sembrano', 'Raj Arakal', 'Matt Chapman', 'Safdar Khan', 'Robert Lee', 'Theodore Belanger', 'Cyrus Wong', 'Olaide Ajayi', 'Noojan Kazemi', 'Paul Park', 'Anuj Singla', 'Aaron Buckland', 'Raymond Hah', 'Jad Khalil', 'Christopher Kleck', 'Michael Mokawem', 'Venu Nemani', 'Jay Turner', 'Matt Colman', 'Robert Hirschl', 'Roland Kent', 'Craig Kuhns', 'Domenico Prestamburgo', 'Rajiv Sethi', 'Gregory Smith', 'Juan Uribe', 'Marshall C. Cress', 'Christopher Dewald', 'Jeremy Fogelson', 'Chris Martin', 'Katherine Meiler', 'Jeffrey Mullin', 'Mark Oppenlander', 'David Ou-Yang', 'Frank Phillips']",2,,,,,2,2,"{'com': 1, 'pub': 1}","{'all': {'count': 26563746, 'mean': 10.925072593300664, 'rank': 20907635, 'pct': 18, 'higher_than': 4926068}, 'journal': {'count': 7369, 'mean': 3.4538661962274393, 'rank': 4520, 'pct': 34, 'higher_than': 2547}, 'similar_age_3m': {'count': 386815, 'mean': 11.546524219588177, 'rank': 257232, 'pct': 29, 'higher_than': 113425}, 'similar_age_journal_3m': {'count': 146, 'mean': 2.289041095890411, 'rank': 79, 'pct': 42, 'higher_than': 62}}",https://www.altmetric.com/details.php?citation_id=163971463,pub.1168533219,10.1016/j.wneu.2024.01.156,1706918400,[],"{'1y': 0.75, '6m': 0.75, '3m': 0.75, '1m': 0, '1w': 0, '6d': 0, '5d': 0, '4d': 0, '3d': 0, '2d': 0, '1d': 0, 'at': 0.75}","{'small': 'https://badges.altmetric.com/?size=64&score=1&types=tttttttt', 'medium': 'https://badges.altmetric.com/?size=100&score=1&types=tttttttt', 'large': 'https://badges.altmetric.com/?size=180&score=1&types=tttttttt'}",False,[],"['1878-8750', '1878-8769']",World Neurosurgery,1720222774,,38310950,1719792000,1706918400,,"{'citeulike': '0', 'mendeley': '4', 'connotea': '0'}",4,1.5.4,,0.75,,Randomized Trial of Augmented Pelvic Fixation in Patients Undergoing Thoracolumbar Fusion for Adult Spine Deformity: Initial Results from a Multicenter Randomized Trial,article,http://dx.doi.org/10.1016/j.wneu.2024.01.156
,,1720222835,165141020,4f6fa63b3cf058f610008d13,"['Marissa D Kruk', 'Mohamed A R Soliman', 'Alexander O Aguirre', 'Cathleen C Kuo', 'Nicco Ruggiero', 'Esteban Quiceno', 'Asham Khan', 'Moleca M Ghannam', 'David E Smolar', 'John Pollina', 'Jeffrey P Mullin']",1,,,,,1,1,{'com': 1},"{'all': {'count': 26250639, 'mean': 10.87646249037976, 'rank': 21385892, 'pct': 10, 'higher_than': 2671814}, 'journal': {'count': 7281, 'mean': 3.4610149704710893, 'rank': 4778, 'pct': 17, 'higher_than': 1246}, 'similar_age_3m': {'count': 327653, 'mean': 11.446561472045119, 'rank': 224475, 'pct': 18, 'higher_than': 59769}, 'similar_age_journal_3m': {'count': 117, 'mean': 2.1200854700854705, 'rank': 77, 'pct': 13, 'higher_than': 16}}",https://www.altmetric.com/details.php?citation_id=165141020,pub.1170768246,10.1016/j.wneu.2024.04.060,1713225600,[],"{'1y': 0.5, '6m': 0.5, '3m': 0.5, '1m': 0, '1w': 0, '6d': 0, '5d': 0, '4d': 0, '3d': 0, '2d': 0, '1d': 0, 'at': 0.5}","{'small': 'https://badges.altmetric.com/?size=64&score=1&types=tttttttt', 'medium': 'https://badges.altmetric.com/?size=100&score=1&types=tttttttt', 'large': 'https://badges.altmetric.com/?size=180&score=1&types=tttttttt'}",False,[],"['1878-8750', '1878-8769']",World Neurosurgery,1720222827,,38636629,1719792000,1713225600,,"{'citeulike': '0', 'mendeley': '1', 'connotea': '0'}",1,1.5.4,,0.5,,Pack Years of Tobacco Cigarette Smoking as a Predictor of Bony Fusion after Anterior Cervical Discectomy and Fusion,article,http://dx.doi.org/10.1016/j.wneu.2024.04.060
,,1718292309,164508926,4f6fa63b3cf058f610008d13,"['Manjot Singh', 'Mariah Balmaceno-Criss', 'Mohammad Daher', 'Renaud Lafage', 'D. Kojo Hamilton', 'Justin S. Smith', 'Robert K. Eastlack', 'Richard G. Fessler', 'Jeffrey L. Gum', 'Munish C. Gupta', 'Richard Hostin', 'Khaled M. Kebaish', 'Eric O. Klineberg', 'Stephen J. Lewis', 'Breton G. Line', 'Pierce D. Nunley', 'Gregory M. Mundis', 'Peter G. Passias', 'Themistocles S. Protopsaltis', 'Thomas Buell', 'Christopher P. Ames', 'Jeffrey P. Mullin', 'Alex Soroceanu', 'Justin K. Scheer', 'Lawrence G. Lenke', 'Shay Bess', 'Christopher I. Shaffrey', 'Frank J. Schwab', 'Virginie Lafage', 'Douglas C. Burton', 'Bassel G. Diebo', 'Alan H. Daniels', 'International Spine Study Group']",2,,,,,2,2,{'pub': 2},"{'all': {'count': 26151587, 'mean': 10.847991922325786, 'rank': 17853992, 'pct': 21, 'higher_than': 5607727}, 'journal': {'count': 7256, 'mean': 3.4627963065049614, 'rank': 3441, 'pct': 38, 'higher_than': 2804}, 'similar_age_3m': {'count': 171382, 'mean': 10.479158721452658, 'rank': 85351, 'pct': 38, 'higher_than': 65416}, 'similar_age_journal_3m': {'count': 48, 'mean': 1.728125, 'rank': 18, 'pct': 41, 'higher_than': 20}}",https://www.altmetric.com/details.php?citation_id=164508926,pub.1172720650,10.1016/j.wneu.2024.06.021,1717977600,[],"{'1y': 1, '6m': 1, '3m': 0, '1m': 0, '1w': 0, '6d': 0, '5d': 0, '4d': 0, '3d': 0, '2d': 0, '1d': 0, 'at': 1}","{'small': 'https://badges.altmetric.com/?size=64&score=1&types=tttttttt', 'medium': 'https://badges.altmetric.com/?size=100&score=1&types=tttttttt', 'large': 'https://badges.altmetric.com/?size=180&score=1&types=tttttttt'}",False,[],"['1878-8750', '1878-8769']",World Neurosurgery,1718295450,,38866236,1725148800,1717977600,,"{'citeulike': '0', 'mendeley': '1', 'connotea': '0'}",1,1.5.4,,1,,Restoring L4-S1 Lordosis Shape in Severe Sagittal Deformity: Impact of Correction Techniques on Alignment and Complication Profile,article,http://dx.doi.org/10.1016/j.wneu.2024.06.021
"Surgical resection of the epileptogenic zone (EZ) is a potential cure for medically refractory focal epilepsy. Proper identification of the EZ is essential for such resection. Synergistic application of functional magnetic resonance imaging (fMRI) simultaneously with stimulation of a single externalized intracranial stereotactic EEG (SEEG) electrode has the potential to improve identification of the EZ. While most EEG-fMRI studies use the electrodes passively to record electrical activity, it is possible to stimulate the brain using the electrodes by connecting them with conducting cables to the stimulation hardware. In this study, we investigated the effect of MRI-induced heating on a single SEEG electrode and its sensitivity to geometry, configuration, and associated connections required for the stimulation. The temperature increase of a single electrode embedded within a gel phantom and connected to an external stimulation system was measured during 1.5T MRI scans using adjacent fluoroptic temperature sensors. A receive-only split-array head coil and a transmit-receive head coil were used for testing. Sequences included a standard localizer, T1-weighted axial fast low-angle shot (FLASH), gradient echo-planar imaging (GE-EPI) axial fMRI, and a high specific absorption rate T2-weighted turbo spin-echo (TSE) axial scan. Variations of the electrode location and connecting cable configuration were tested. No unacceptable heating was observed with the standard sequences used for evaluation of the EZ. Considerable heating (up to 14(o)C) was observed with the TSE sequence, which is not used clinically. The temperature increase was insignificant (< 0.05(o)C) for electrode contacts closest to the isocenter and connecting cables lying along the isocenter, and varied with configurations of the connecting cable assembly. Simultaneous intracranial electrode stimulation during fMRI using an externalized stimulation system may be safe with strictly adhering to settings tested prior to the fMRI. Localizer, FLASH, and GE-EPI fMRI may be safely performed in patients with a single SEEG electrode following the configurations tested in this study, but high SAR TSE scans should not be performed in these patients.",,1503071980,24036183,4f6fa4ff3cf058f61000303d,"['Pallab K. Bhattacharyya', 'Jeffery Mullin', 'Bryan S. Lee', 'Jorge A. Gonzalez-Martinez', 'Stephen E. Jones']",1,,,,,1,1,{'doc': 1},"{'all': {'count': 25371288, 'mean': 10.745266393255244, 'rank': 20653708, 'pct': 10, 'higher_than': 2613583}, 'journal': {'count': 1941, 'mean': 3.667773312725402, 'rank': 1495, 'pct': 8, 'higher_than': 161}, 'similar_age_3m': {'count': 422168, 'mean': 12.347529196907395, 'rank': 320744, 'pct': 13, 'higher_than': 58963}, 'similar_age_journal_3m': {'count': 56, 'mean': 2.0746428571428575, 'rank': 19, 'pct': 1, 'higher_than': 1}}",https://www.altmetric.com/details.php?citation_id=24036183,pub.1001667896,10.1016/j.mri.2017.01.012,1484524800,[],"{'1y': 0, '6m': 0, '3m': 0, '1m': 0, '1w': 0, '6d': 0, '5d': 0, '4d': 0, '3d': 0, '2d': 0, '1d': 0, 'at': 0.5}","{'small': 'https://badges.altmetric.com/?size=64&score=1&types=tttttttt', 'medium': 'https://badges.altmetric.com/?size=100&score=1&types=tttttttt', 'large': 'https://badges.altmetric.com/?size=180&score=1&types=tttttttt'}",False,[],"['0730-725X', '1873-5894']",Magnetic Resonance Imaging (0730725X),1485078366,,28104438,1493596800,1484524800,"[{'name': 'Biomedical Engineering', 'scheme': 'era'}, {'name': 'Clinical Sciences', 'scheme': 'era'}, {'name': 'Cognitive Science', 'scheme': 'era'}]","{'citeulike': '0', 'mendeley': '33', 'connotea': '0'}",33,1.5.4,"['Life Sciences', 'Engineering', 'Health Sciences', 'Medicine', 'Physical Sciences', 'Biochemistry, Genetics and Molecular Biology']",0.5,['diagnosticimaging'],Safety of externally stimulated intracranial electrodes during functional MRI at 1.5T,article,http://dx.doi.org/10.1016/j.mri.2017.01.012
"The term ""hemispheric malformation of cortical development"" (MCD) has come into the medical lexicon in the past 20 years as improvements and availability of advanced imaging techniques have permitted more precise diagnosis of a variety of brain developmental disorders that affect large regions of brain. These conditions are united by their propensity to elicit seizures that are difficult to control with medication in the children who suffer them.",pubmed,1412961220,2760620,4f6fa4ea3cf058f610002511,"['Bradley Lega', 'Jeffrey Mullin', 'Elaine Wyllie', 'William Bingaman']",1,,,,,1,1,{'pub': 1},"{'all': {'count': 22766595, 'mean': 10.188329546703136, 'rank': 15307723, 'pct': 22, 'higher_than': 5060937}, 'journal': {'count': 2737, 'mean': 1.9265297771282441, 'rank': 1023, 'pct': 56, 'higher_than': 1541}, 'similar_age_3m': {'count': 255208, 'mean': 9.192303611171598, 'rank': 148262, 'pct': 32, 'higher_than': 83866}, 'similar_age_journal_3m': {'count': 24, 'mean': 2.379166666666667, 'rank': 8, 'pct': 33, 'higher_than': 8}}",https://www.altmetric.com/details.php?citation_id=2760620,pub.1037000947,10.1007/s00381-014-2483-7,1412812800,[],"{'1y': 0, '6m': 0, '3m': 0, '1m': 0, '1w': 0, '6d': 0, '5d': 0, '4d': 0, '3d': 0, '2d': 0, '1d': 0, 'at': 1}","{'small': 'https://badges.altmetric.com/?size=64&score=1&types=tttttttt', 'medium': 'https://badges.altmetric.com/?size=100&score=1&types=tttttttt', 'large': 'https://badges.altmetric.com/?size=180&score=1&types=tttttttt'}",False,[],"['0256-7040', '1433-0350']",Child's Nervous System,1412961183,,25296544,1414800000,1412812800,"[{'name': 'Medicine & Public Health', 'scheme': 'springer'}, {'name': 'Neurosciences', 'scheme': 'springer'}, {'name': 'Neurosurgery', 'scheme': 'springer'}, {'name': 'Clinical Sciences', 'scheme': 'era'}]","{'citeulike': '0', 'mendeley': '31', 'connotea': '0'}",31,1.5.4,"['Medicine', 'Health Sciences']",1,"['neurology', 'pediatrics']",Hemispheric malformations of cortical development: surgical indications and approach,article,http://dx.doi.org/10.1007/s00381-014-2483-7
,,1660686197,134346032,55c4aec22a83eee34e8b4567,"['Angelica M. Fuentes', 'Steven B. Housley', 'Robert V. Starling', 'Jeffrey P. Mullin']",1,,,,,1,1,{'pub': 1},"{'all': {'count': 24279062, 'mean': 10.57022813946984, 'rank': 21756186, 'pct': 1, 'higher_than': 0}, 'journal': {'count': 1589, 'mean': 4.570270610446821, 'rank': 1433, 'pct': 1, 'higher_than': 0}, 'similar_age_3m': {'count': 430352, 'mean': 14.27105891920926, 'rank': 363255, 'pct': 1, 'higher_than': 0}, 'similar_age_journal_3m': {'count': 62, 'mean': 6.0733870967741925, 'rank': 58, 'pct': 1, 'higher_than': 0}}",https://www.altmetric.com/details.php?citation_id=134346032,pub.1150266672,10.1227/ons.0000000000000296,1655164800,[],"{'1y': 0, '6m': 0, '3m': 0, '1m': 0, '1w': 0, '6d': 0, '5d': 0, '4d': 0, '3d': 0, '2d': 0, '1d': 0, 'at': 0.25}","{'small': 'https://badges.altmetric.com/?size=64&score=1&types=tttttttt', 'medium': 'https://badges.altmetric.com/?size=100&score=1&types=tttttttt', 'large': 'https://badges.altmetric.com/?size=180&score=1&types=tttttttt'}",False,[],"['2332-4252', '2332-4260']",Operative Neurosurgery,1660686184,,35972109,1661990400,1655164800,,"{'citeulike': '0', 'mendeley': '2', 'connotea': '0'}",2,1.5.4,,0.25,,Extensive Symptomatic Thoracolumbar Epidural Lipomatosis Treated With Minimally Invasive Hemilaminectomies: Technical Case Report,article,http://dx.doi.org/10.1227/ons.0000000000000296
,,1607908638,95934306,66559f9ed714020001ac0179,"['E. O’Connor Timothy', 'Margaret O’Hehir Mary', 'Z. Mao Jennifer', 'P. Mullin Jeffrey', 'Pollina John']",2,,,,,2,2,"{'pub': 1, 'com': 1}","{'all': {'count': 25992468, 'mean': 10.831167136110357, 'rank': 20438275, 'pct': 18, 'higher_than': 4831193}, 'journal': {'count': 1, 'mean': 0.75, 'rank': 1, 'pct': 1, 'higher_than': 0}, 'similar_age_3m': {'count': 531269, 'mean': 14.580052425419138, 'rank': 386553, 'pct': 23, 'higher_than': 125675}, 'similar_age_journal_3m': {'count': 1, 'mean': 0.75, 'rank': 1, 'pct': 1, 'higher_than': 0}}",https://www.altmetric.com/details.php?citation_id=95934306,pub.1133359979,10.4236/ojmn.2021.111003,1607472000,[],"{'1y': 0, '6m': 0, '3m': 0, '1m': 0, '1w': 0, '6d': 0, '5d': 0, '4d': 0, '3d': 0, '2d': 0, '1d': 0, 'at': 0.75}","{'small': 'https://badges.altmetric.com/?size=64&score=1&types=tttttttt', 'medium': 'https://badges.altmetric.com/?size=100&score=1&types=tttttttt', 'large': 'https://badges.altmetric.com/?size=180&score=1&types=tttttttt'}",False,[],"['2163-0569', '2163-0585']",Open Journal of Modern Neurosurgery,1608123601,,,1609459200,1607472000,,"{'citeulike': '0', 'mendeley': '3', 'connotea': '0'}",3,1.5.4,,0.75,,Prone Transpsoas Approach for Adjacent Segment Disease and Flatback Deformity: Technical Note and Case Report,article,http://dx.doi.org/10.4236/ojmn.2021.111003
,,1679507926,144190480,4f6fa63b3cf058f610008d13,"['Alexander O Aguirre', 'Mohamed A R Soliman', 'Abdul Karim Ghaith', 'Cathleen C Kuo', 'Nicco Ruggiero', 'Shady Azmy', 'William Mualem', 'Asham Khan', 'Patrick K Jowdy', 'Matthew T Neal', 'Mohamad Bydon', 'Jeffrey P Mullin', 'John Pollina']",1,,,,,1,1,{'sci': 1},"{'all': {'count': 25394764, 'mean': 10.746438158275465, 'rank': 20673680, 'pct': 10, 'higher_than': 2615786}, 'journal': {'count': 7048, 'mean': 3.4739174233825203, 'rank': 4627, 'pct': 17, 'higher_than': 1247}, 'similar_age_3m': {'count': 426781, 'mean': 13.433701467497382, 'rank': 318723, 'pct': 14, 'higher_than': 62247}, 'similar_age_journal_3m': {'count': 195, 'mean': 2.3, 'rank': 124, 'pct': 12, 'higher_than': 25}}",https://www.altmetric.com/details.php?citation_id=144190480,pub.1156186433,10.1016/j.wneu.2023.03.049,1678838400,[],"{'1y': 0, '6m': 0, '3m': 0, '1m': 0, '1w': 0, '6d': 0, '5d': 0, '4d': 0, '3d': 0, '2d': 0, '1d': 0, 'at': 0.5}","{'small': 'https://badges.altmetric.com/?size=64&score=1&types=tttttttt', 'medium': 'https://badges.altmetric.com/?size=100&score=1&types=tttttttt', 'large': 'https://badges.altmetric.com/?size=180&score=1&types=tttttttt'}",False,[],"['1878-8750', '1878-8769']",World Neurosurgery,1679504440,,36924885,1693526400,1678838400,,"{'citeulike': '0', 'mendeley': '3', 'connotea': '0'}",3,1.5.4,,0.5,,Predictive Factors of Intraoperative and Early Postoperative Outcome Measures After Anterior Lumbar Interbody Fusions Based on American Society of Anesthesiologists Score,article,http://dx.doi.org/10.1016/j.wneu.2023.03.049
,,1697842523,155613504,4f6fa62f3cf058f6100082b6,"['Alexander O. Aguirre', 'Mohamed A. R. Soliman', 'Cathleen C. Kuo', 'Nicco Ruggiero', 'Justin Im', 'Yaswanth Chintaluru', 'Ali M. A. Khan', 'Asham Khan', 'Ryan M. Hess', 'Kyungduk Rho', 'David E. Smolar', 'Jeffrey P. Mullin', 'John Pollina']",16,,,,,22,16,"{'pub': 9, 'doc': 3, 'com': 1, 'sci': 3}","{'all': {'count': 26122087, 'mean': 10.84301043603446, 'rank': 3072132, 'pct': 88, 'higher_than': 23046331}, 'journal': {'count': 5832, 'mean': 6.888356652949245, 'rank': 531, 'pct': 90, 'higher_than': 5301}, 'similar_age_3m': {'count': 365015, 'mean': 12.514867778036521, 'rank': 49264, 'pct': 86, 'higher_than': 315686}, 'similar_age_journal_3m': {'count': 81, 'mean': 5.798148148148147, 'rank': 9, 'pct': 88, 'higher_than': 72}}",https://www.altmetric.com/details.php?citation_id=155613504,pub.1164943587,10.1227/neu.0000000000002714,1697068800,[],"{'1y': 11.95, '6m': 0, '3m': 0, '1m': 0, '1w': 0, '6d': 0, '5d': 0, '4d': 0, '3d': 0, '2d': 0, '1d': 0, 'at': 11.95}","{'small': 'https://badges.altmetric.com/?size=64&score=12&types=tttttttt', 'medium': 'https://badges.altmetric.com/?size=100&score=12&types=tttttttt', 'large': 'https://badges.altmetric.com/?size=180&score=12&types=tttttttt'}",False,[],"['0148-396X', '1524-4040']",Neurosurgery,1710335470,,37823666,1697068800,1697068800,"[{'name': 'Clinical Sciences', 'scheme': 'era'}, {'name': 'Neurosciences', 'scheme': 'era'}]","{'citeulike': '0', 'mendeley': '5', 'connotea': '0'}",5,1.5.4,"['Medicine', 'Health Sciences']",11.95,,Cervical Vertebral Bone Quality Score Independently Predicts Distal Junctional Kyphosis After Posterior Cervical Fusion,article,http://dx.doi.org/10.1227/neu.0000000000002714
,,1699966353,156433367,4f6fa61a3cf058f61000758e,"['Justin S Smith', 'Michael P Kelly', 'Thomas J Buell', 'David Ben-Israel', 'Bassel Diebo', 'Justin K Scheer', 'Breton Line', 'Virginie Lafage', 'Renaud Lafage', 'Eric Klineberg', 'Han Jo Kim', 'Peter Passias', 'Jeffrey L Gum', 'Khal Kebaish', 'Jeffrey P Mullin', 'Robert Eastlack', 'Alan Daniels', 'Alex Soroceanu', 'Gregory Mundis', 'Richard Hostin', 'Themistocles S Protopsaltis', 'D Kojo Hamilton', 'Munish Gupta', 'Stephen J Lewis', 'Frank J Schwab', 'Lawrence G Lenke', 'Christopher I Shaffrey', 'Douglas Burton', 'Christopher P Ames', 'Shay Bess']",8,,,,,8,8,"{'pub': 6, 'sci': 2}","{'all': {'count': 25888065, 'mean': 10.81513187911109, 'rank': 7487617, 'pct': 70, 'higher_than': 18365659}, 'journal': {'count': 1268, 'mean': 4.836553627760252, 'rank': 241, 'pct': 80, 'higher_than': 1023}, 'similar_age_3m': {'count': 364255, 'mean': 11.942767544714556, 'rank': 108586, 'pct': 69, 'higher_than': 254834}, 'similar_age_journal_3m': {'count': 23, 'mean': 6.492434782608697, 'rank': 6, 'pct': 73, 'higher_than': 17}}",https://www.altmetric.com/details.php?citation_id=156433367,pub.1165854317,10.1177/21925682231214059,1699574400,[],"{'1y': 4.1, '6m': 0, '3m': 0, '1m': 0, '1w': 0, '6d': 0, '5d': 0, '4d': 0, '3d': 0, '2d': 0, '1d': 0, 'at': 4.1}","{'small': 'https://badges.altmetric.com/?size=64&score=5&types=tttttttt', 'medium': 'https://badges.altmetric.com/?size=100&score=5&types=tttttttt', 'large': 'https://badges.altmetric.com/?size=180&score=5&types=tttttttt'}",False,[],"['2192-5682', '2192-5690']",Global Spine Journal,1700157072,,37948666,1699574400,1699574400,,"{'citeulike': 0, 'mendeley': 0, 'connotea': 0}",0,1.5.4,,4.1,,"Adult Cervical Deformity Patients Have Higher Baseline Frailty, Disability, and Comorbidities Compared With Complex Adult Thoracolumbar Deformity Patients: A Comparative Cohort Study of 616 Patients.",article,http://dx.doi.org/10.1177/21925682231214059
,,1590422792,82681714,4f6fa63b3cf058f610008d13,"['Ryan Hess', 'Jennifer Z Mao', 'Kyungduk Rho', 'Asham Khan', 'Elad Levy', 'John Pollina', 'Jeffrey P Mullin']",5,,,,,5,5,"{'com': 1, 'pub': 3, 'sci': 1}","{'all': {'count': 25387668, 'mean': 10.746735046558827, 'rank': 8480262, 'pct': 66, 'higher_than': 16853141}, 'journal': {'count': 7047, 'mean': 3.471695757059742, 'rank': 1475, 'pct': 78, 'higher_than': 5549}, 'similar_age_3m': {'count': 418685, 'mean': 20.1884301945377, 'rank': 175517, 'pct': 57, 'higher_than': 241634}, 'similar_age_journal_3m': {'count': 321, 'mean': 4.942523364485981, 'rank': 95, 'pct': 69, 'higher_than': 223}}",https://www.altmetric.com/details.php?citation_id=82681714,pub.1127497816,10.1016/j.wneu.2020.05.048,1589155200,[],"{'1y': 0, '6m': 0, '3m': 0, '1m': 0, '1w': 0, '6d': 0, '5d': 0, '4d': 0, '3d': 0, '2d': 0, '1d': 0, 'at': 3.1}","{'small': 'https://badges.altmetric.com/?size=64&score=4&types=tttttttt', 'medium': 'https://badges.altmetric.com/?size=100&score=4&types=tttttttt', 'large': 'https://badges.altmetric.com/?size=180&score=4&types=tttttttt'}",False,[],"['1878-8750', '1878-8769']",World Neurosurgery,1597090320,PMC7211604,32437997,1593561600,1589155200,,"{'citeulike': '0', 'mendeley': '47', 'connotea': '0'}",47,1.5.4,,3.1,,Letter to the Editor: Embracing Disruptive Change During the Severe Acute Respiratory Syndrome Coronavirus 2 (SARS-CoV-2) Pandemic,article,http://dx.doi.org/10.1016/j.wneu.2020.05.048
,,1609535810,96948271,4f6fa5143cf058f6100035a7,"['Asham Khan', 'Joshua E. Meyers', 'Paul Blasio', 'Jennifer Z. Mao', 'Timothy E. O’Connor', 'Justice O. Agyei', 'Evan K. Winograd', 'Kenneth V. Snyder', 'Jeffrey P. Mullin', 'Elad I. Levy', 'John Pollina']",4,,,,,4,4,"{'pub': 2, 'com': 1, 'doc': 1}","{'all': {'count': 23271751, 'mean': 10.296878169261959, 'rank': 13727245, 'pct': 39, 'higher_than': 9237211}, 'journal': {'count': 8238, 'mean': 6.488225054624921, 'rank': 4775, 'pct': 40, 'higher_than': 3342}, 'similar_age_3m': {'count': 475111, 'mean': 13.645804496211465, 'rank': 228293, 'pct': 50, 'higher_than': 237879}, 'similar_age_journal_3m': {'count': 92, 'mean': 6.106760869565215, 'rank': 41, 'pct': 55, 'higher_than': 51}}",https://www.altmetric.com/details.php?citation_id=96948271,pub.1133615398,10.1097/brs.0000000000003896,1608163200,[],"{'1y': 0, '6m': 0, '3m': 0, '1m': 0, '1w': 0, '6d': 0, '5d': 0, '4d': 0, '3d': 0, '2d': 0, '1d': 0, 'at': 2}","{'small': 'https://badges.altmetric.com/?size=64&score=2&types=tttttttt', 'medium': 'https://badges.altmetric.com/?size=100&score=2&types=tttttttt', 'large': 'https://badges.altmetric.com/?size=180&score=2&types=tttttttt'}",False,[],"['0362-2436', '1528-1159']",Spine,1619713705,,33337673,1621036800,1608163200,"[{'name': 'Biomedical Engineering', 'scheme': 'era'}, {'name': 'Clinical Sciences', 'scheme': 'era'}]","{'citeulike': '0', 'mendeley': '8', 'connotea': '0'}",8,1.5.4,"['Medicine', 'Health Sciences']",2,,Evaluation of Benefit and Cost Utility of Immediate Postanesthesia Care Unit Radiographs to Predict Airway Compromise After Anterior Cervical Discectomy and Fusion,article,http://dx.doi.org/10.1097/brs.0000000000003896
,,1609426509,96885780,55c4aec22a83eee34e8b4567,"['Jennifer Z Mao', 'Justice O Agyei', 'Moleca M Ghannam', 'Asham Khan', 'Marc Christensen', 'Joshua E Meyers', 'John Pollina', 'Jeffrey P Mullin']",8,,,,,8,8,"{'pub': 7, 'com': 1}","{'all': {'count': 25387668, 'mean': 10.746735046558827, 'rank': 6358941, 'pct': 74, 'higher_than': 19011252}, 'journal': {'count': 1498, 'mean': 5.081634178905206, 'rank': 337, 'pct': 77, 'higher_than': 1161}, 'similar_age_3m': {'count': 518688, 'mean': 14.624772379542222, 'rank': 145258, 'pct': 71, 'higher_than': 372794}, 'similar_age_journal_3m': {'count': 91, 'mean': 4.695604395604396, 'rank': 27, 'pct': 69, 'higher_than': 63}}",https://www.altmetric.com/details.php?citation_id=96885780,pub.1134200575,10.1093/ons/opaa412,1609200000,[],"{'1y': 0, '6m': 0, '3m': 0, '1m': 0, '1w': 0, '6d': 0, '5d': 0, '4d': 0, '3d': 0, '2d': 0, '1d': 0, 'at': 5.55}","{'small': 'https://badges.altmetric.com/?size=64&score=6&types=tttttttt', 'medium': 'https://badges.altmetric.com/?size=100&score=6&types=tttttttt', 'large': 'https://badges.altmetric.com/?size=180&score=6&types=tttttttt'}",False,[],"['2332-4252', '2332-4260']",Operative Neurosurgery,1617293333,,33377157,1612137600,1609200000,,"{'citeulike': '0', 'mendeley': '8', 'connotea': '0'}",8,1.5.4,,5.55,,Navigation-Guided Subaxial Cervical Pedicle Screws in Revision Spine Surgery: 2-Dimensional Operative Video.,article,http://dx.doi.org/10.1093/ons/opaa412
"War-related head injury, indeed neurological injury in general, has been a part of the history of humankind for as long as there has been warfare. Such injuries can result in the removal of the individual from combat, thus eliminating any subsequent contribution that he or she might have made to the battle. However, at times, the injuries can have more wide-reaching effects. In the case of commanders or leaders, the impact of their injuries may include the loss of their influence, planning, and leadership, and thus have a disproportionate effect on the battle, or indeed the war. Field Marshal Erwin Rommel was a talented military strategist and leader who was respected by friends and foes alike. He held an honored reputation by the German people and the military leadership. His head injury on July 17, 1944, resulted in his being removed from the field of battle in northern France, but also meant that he was not able to lend his stature to the assassination attempt of Adolph Hitler on July 20. It is possible that, had he been able to lend his stature to the events, Hitler's hold on the nation's government might have been loosened, and the war might have been brought to an end a year earlier. The authors review Rommel's career, his injury, the subsequent medical treatment, and his subsequent death.",,1467506638,9184725,4f6fa62f3cf058f6100082b8,"['Heather A Fuhrman', 'Jeffrey P Mullin', 'Chris A Sloffer']",12,,,,,12,12,"{'pub': 8, 'doc': 1, 'com': 1, 'sci': 2}","{'all': {'count': 26613602, 'mean': 10.935309514059767, 'rank': 4564848, 'pct': 82, 'higher_than': 22061250}, 'journal': {'count': 1884, 'mean': 7.439128450106157, 'rank': 380, 'pct': 79, 'higher_than': 1491}, 'similar_age_3m': {'count': 343345, 'mean': 13.052026597154471, 'rank': 67715, 'pct': 79, 'higher_than': 274135}, 'similar_age_journal_3m': {'count': 33, 'mean': 22.732848484848486, 'rank': 7, 'pct': 78, 'higher_than': 26}}",https://www.altmetric.com/details.php?citation_id=9184725,pub.1071082439,10.3171/2016.4.focus15486,,[],"{'1y': 0, '6m': 0, '3m': 0, '1m': 0, '1w': 0, '6d': 0, '5d': 0, '4d': 0, '3d': 0, '2d': 0, '1d': 0, 'at': 8.15}","{'small': 'https://badges.altmetric.com/?size=64&score=9&types=tttttttt', 'medium': 'https://badges.altmetric.com/?size=100&score=9&types=tttttttt', 'large': 'https://badges.altmetric.com/?size=180&score=9&types=tttttttt'}",False,[],['1092-0684'],Neurosurgical Focus,1620816449,,27364261,1467331200,1467331200,"[{'name': 'Clinical Sciences', 'scheme': 'era'}, {'name': 'Neurosciences', 'scheme': 'era'}]","{'citeulike': '0', 'mendeley': '15', 'connotea': '0'}",15,1.5.4,"['Medicine', 'Health Sciences']",8.15,['neurosurgery'],Field Marshal Erwin Rommel: the head injury that may have prolonged the Second World War.,article,http://dx.doi.org/10.3171/2016.4.focus15486
